SKU,Name,WarehouseLocation,WeightOz,Weight,Category,Tag1,Tag2,Tag3,Tag4,Tag5,CustomsDescription,CustomsValue,CustomsTariffNo,CustomsCountry,ThumbnailUrl,UPC,FillSku,Length,Width,Height,UseProductName,Active,SKUAlias,IsReturnable,Description,JetBrand,JetPrice,JetMultiPackQuantity,JetCategory,JetInventoryOverride,Prop65,Prop65Reasons
"0674060717","Life from an RNA World: The Ancestor Within [Paperback] [2011] Yarus, Michael","","","","","","","","","","","","","","","","","","","","","TRUE","","TRUE"
"1118230612","Fundamentals of Physics Extended, Binder Ready Version [Loose Leaf] [2013] Halliday, David; Resnick, Robert; Walker, Jearl","","","","","","","","","","","","","","","","","","","","","TRUE","","TRUE"
"13-PW7U-D87I","SLR Brands Men's Slide Athletic Adjustable Slip On Sandal Slipper Comfortable Shower Beach Pool Shoe Flip Flop (8 M, Black)","","","","","","","","","","","","","","","","","","","","","TRUE","","TRUE"
"1405191473","Fundamentals of Psycholinguistics [Paperback] [2010] Fern√°ndez, Eva M.; Cairns, Helen Smith","","","","","","","","","","","","","","","","","","","","","TRUE","","TRUE"
"1I-B2VS-LIHQ","SLR Brands Football with Grip Technology Easy To Learn Football Perfect Football For Kids","","","","","","","","","","","","","","","","","","","","","TRUE","","TRUE"
"2U-RZQ3-VB48","SLR Brands Men's Slide Athletic Adjustable Slip On Sandal Slipper Comfortable Shower Beach Pool Shoe Flip Flop (9 M, Black)","","","","","","","","","","","","","","","","","","","","","TRUE","","TRUE"
"2W-685L-2ISN","SLR Brands Womans Colorblock Pocket Casual Tie Waist Yoga Jogger Pants (Large/XL, Black/White Elephant)","","","","","","","","","","","","","","","","","","","","","TRUE","","TRUE"
"4I-8E25-ES25","SLR Brands Mens adjustable sandals - Shower Flip Flops For Men | Nonslip Men's Slide On Sandals for Shower, Beach, Pool, Summer, Gym Slides | Arch Suport for Athletes | Multiple sizes and colors (1...","","","","","","","","","","","","","","","","","","","","","TRUE","","TRUE"
"4P-CJWM-B7K2","SLR Brands Men's Slide Athletic Adjustable Slip On Sandal Slipper Comfortable Shower Beach Pool Shoe Flip Flop (12 M, Grey)","","","","","","","","","","","","","","","","","","","","","TRUE","","TRUE"
"4S-98D9-DHF0","SLR Brands Womans Colorblock Pocket Casual Tie Waist Yoga Jogger Pants (Large/XL, Multicolor)","","","","","","","","","","","","","","","","","","","","","TRUE","","TRUE"
"50-O2II-OM36","SLR Brands Womens UV Sun Protection Long Sleeve Rashguard Swimwear Swimwear Rash Guard Athletic Tops (Large, Seafoam)","","","","","","","","","","","","","","","","","","","","","TRUE","","TRUE"
"57-4R3X-A2VX","SLR BRANDS Rubber Comfortable Shower Beach Shoe Slip On Flip Flop Sandal (13, Navy Blue)","","","","","","","","","","","","","","","","","","","","","TRUE","","TRUE"
"62-F926-QNEI","SLR Brands Womens UV Sun Protection Long Sleeve Rashguard Swimwear Rash Guard Athletic Tops (Large, Neon Green)","","","","","","","","","","","","","","","","","","","","","TRUE","","TRUE"
"64-1FRN-5FAZ","Tasty Linens Burrito Wrap Novelty Blanket, Comfort Food Burrito Blanket Perfectly Round Tortilla Throw 5' Diameter","","","","","","","","","","","","","","","","","","","","","TRUE","","TRUE"
"6D-LO15-SWG2","SLR Brands Womens UV Sun Protection Long Sleeve Rashguard Swimwear Swimwear Rash Guard Athletic Tops (Small, Purple)","","","","","","","","","","","","","","","","","","","","","TRUE","","TRUE"
"6Z-I22J-SHQS","Raindrop Nebulizing Diffuser For Essential Oils and Organic Aromas Aromatherapy[White Ceramic]","","","","","","","","","","","","","","","","","","","","","TRUE","","TRUE"
"717625570","Aromatherapy Diffuser - Wood and Glass Aroma Diffuser","","","","","","","","","","","","","","","","","","","","","TRUE","","TRUE"
"717631862","Pizza Blanket - Realistic Pepperoni Pizza Shaped Blanket for Adults AND Kids!","","","","","","","","","","","","","","","","","","","","","TRUE","","TRUE"
"717635182","Custom Photo Blanket Personalized With A Photo, Logo Or Design. Comfy Cute Picture Blanket Also Great For Picnics And Beach","","","","","","","","","","","","","","","","","","","","","TRUE","","TRUE"
"731185291","Aromatherapy Diffuser - Wood and Glass Aroma Diffuser","","","","","","","","","","","","","","","","","","","","","TRUE","","TRUE"
"731498733","Cute Avocado Pillow - Avocado Shaped Plush Pillow","","","","","","","","","","","","","","","","","","","","","TRUE","","TRUE"
"7I-4Q6M-ICCS","SLR Brands Men's Slide Athletic Adjustable Slip On Sandal Slipper Comfortable Shower Beach Pool Shoe Flip Flop (10 M, Grey)","","","","","","","","","","","","","","","","","","","","","TRUE","","TRUE"
"7Z-GFD1-0JRG","SLR BRANDS Mens Zipper Water Shoes (10, Black)","","","","","","","","","","","","","","","","","","","","","TRUE","","TRUE"
"852888008056","Burrito Throw Blanket Tortilla Wrap for Kids No Beige Unisex Child","","","","","","","","","","","","","","","","","","","","","TRUE","","TRUE"
"89-3OU5-C6HB","SLR Brands Football with Grip Technology Easy To Learn Football Perfect Football For Kids","","","","","","","","","","","","","","","","","","","","","TRUE","","TRUE"
"8A-L5P6-VKMU","SLR Brands Men's Slide Athletic Adjustable Slip On Sandal Slipper Comfortable Shower Beach Pool Shoe Flip Flop (9 M, Grey)","","","","","","","","","","","","","","","","","","","","","TRUE","","TRUE"
"8G-IPV9-JW0W","SLR Brands Men's Slide Athletic Adjustable Slip On Sandal Slipper Comfortable Shower Beach Pool Shoe Flip Flop (10 M, Black)","","","","","","","","","","","","","","","","","","","","","TRUE","","TRUE"
"8I-W2IE-AVV5","SLR Brands Mens adjustable sandals - Shower Flip Flops For Men | Nonslip Men's Slide On Sandals for Shower, Beach, Pool, Summer, Gym Slides | Arch Suport for Athletes | Multiple sizes (11 M US, Black)","","","","","","","","","","","","","","","","","","","","","TRUE","","TRUE"
"92-BLYZ-Q9MA","SLR Brands Womens UV Sun Protection Long Sleeve Rashguard Swimwear Rash Guard Athletic Tops (XX-Large, Neon Pink)","","","","","","","","","","","","","","","","","","","","","TRUE","","TRUE"
"A0-G9AN-6PSD","SLR Brands Womens UV Sun Protection Long Sleeve Rashguard Swimwear Swimwear Rash Guard Athletic Tops (Large, White)","","","","","","","","","","","","","","","","","","","","","TRUE","","TRUE"
"A1-D1OQ-4W14","SLR Brands Plus Size Cotton Stretchy Flowy Loose Fit Tunic Casual Beach Dress with Pocket (One Size Fits Most, Navy)","","","","","","","","","","","","","","","","","","","","","TRUE","","TRUE"
"A6-I05X-ZPAD","SLR Brands Women's Quick Drying Aqua Water Shoes With Zipper (9, Black/Pink)","","","","","","","","","","","","","","","","","","","","","TRUE","","TRUE"
"A9-IP6C-PKPQ","SLR Brands Men's Slide Athletic Adjustable Slip On Sandal Slipper Comfortable Shower Beach Pool Shoe Flip Flop (12 M, Black)","","","","","","","","","","","","","","","","","","","","","TRUE","","TRUE"
"AP-1CS3-TJW5","SLR Brands 9 Pieces Amazing Arrow Rocket copter ,Large Size Led Light Up Glowing Slingshot Arrow Rocket Helicopter Flying Copters Toy Party Fun Gift Elastic","","","","","","","","","","","","","","","","","","","","","TRUE","","TRUE"
"B00MWQCNSW","Raindrop 2.0 Nebulizing Essential Oil Diffuser For Aromatherapy By Organic Aromas Light-colored Wood Base and Glass Reservoir With Touch Sensor Light Switch","","","","","","","","","","","","","","","","","","","","","TRUE","","TRUE"
"B00RBP97D8","Raindrop 2.0 Nebulizing Essential Oil Diffuser For Aromatherapy By Organic Aromas Black-colored Wood Base and Glass Top And Touch Sensor Light Switch","","","","","","","","","","","","","","","","","","","","","TRUE","","TRUE"
"B06Y5JDGDHfbc","Men's Slide Slip On Sandal Slipper Comfortable Shower Beach Shoe Flip Flop (10, Black)","","","","","","","","","","","","","","","","","","","","","TRUE","","TRUE"
"B06Y5JFT4Bfbc","SLR BRANDS Men's Slide Slip On Sandal Slipper Comfortable Shower Beach Shoe Flip Flop (9, Grey)","","","","","","","","","","","","","","","","","","","","","TRUE","","TRUE"
"B06Y5QVQ28","Men's Slide Slip On Sandal Slipper Comfortable Shower Beach Shoe Flip Flop (9, Navy)","","","","","","","","","","","","","","","","","","","","","TRUE","","TRUE"
"B06Y5RF1MCfbm","SLR BRANDS Men's Slide Slip On Sandal Slipper Comfortable Shower Beach Shoe Flip Flop (10, Navy)","","","","","","","","","","","","","","","","","","","","","TRUE","","TRUE"
"B06Y5S8M9Kfbm","Men's Slide Slip On Sandal Slipper Comfortable Shower Beach Shoe Flip Flop (8, Navy)","","","","","","","","","","","","","","","","","","","","","TRUE","","TRUE"
"B06Y5SHQQ3fba","Men's Slide Slip On Sandal Slipper Comfortable Shower Beach Shoe Flip Flop (9, Black)","","","","","","","","","","","","","","","","","","","","","TRUE","","TRUE"
"B06Y5SQ1PFfba","SLR BRANDS Men's Slide Slip On Sandal Slipper Comfortable Shower Beach Shoe Flip Flop (12, Navy)","","","","","","","","","","","","","","","","","","","","","TRUE","","TRUE"
"B06Y5SQ1PGfbm","SLR BRANDS Men's Slide Slip On Sandal Slipper Comfortable Shower Beach Shoe Flip Flop (13, Navy)","","","","","","","","","","","","","","","","","","","","","TRUE","","TRUE"
"B06Y5THB4Ffbc","SLR BRANDS Men's Slide Slip On Sandal Slipper Comfortable Shower Beach Shoe Flip Flop (12, Black)","","","","","","","","","","","","","","","","","","","","","TRUE","","TRUE"
"B06Y5THB4Ffbm","SLR BRANDS Men's Slide Slip On Sandal Slipper Comfortable Shower Beach Shoe Flip Flop (12, Black)","","","","","","","","","","","","","","","","","","","","","TRUE","","TRUE"
"B06Y5TTZ6Pfbc","SLR BRANDS Men's Slide Slip On Sandal Slipper Comfortable Shower Beach Shoe Flip Flop (12, Grey)","","","","","","","","","","","","","","","","","","","","","TRUE","","TRUE"
"B06Y5V3TNXfbac","SLR BRANDS Men's Slide Slip On Sandal Slipper Comfortable Shower Beach Shoe Flip Flop (10, Grey)","","","","","","","","","","","","","","","","","","","","","TRUE","","TRUE"
"B06Y5V7LTHfbm","SLR BRANDS Men's Slide Slip On Sandal Slipper Comfortable Shower Beach Shoe Flip Flop (11, Navy)","","","","","","","","","","","","","","","","","","","","","TRUE","","TRUE"
"B06Y5VJ3VHfbac","SLR BRANDS Men's Slide Slip On Sandal Slipper Comfortable Shower Beach Shoe Flip Flop (8, Grey)","","","","","","","","","","","","","","","","","","","","","TRUE","","TRUE"
"B06Y5WT6QSfbc","SLR BRANDS Men's Slide Slip On Sandal Slipper Comfortable Shower Beach Shoe Flip Flop (11, Grey)","","","","","","","","","","","","","","","","","","","","","TRUE","","TRUE"
"B06Y5ZXRWCfba","SLR BRANDS Men's Slide Slip On Sandal Slipper Comfortable Shower Beach Shoe Flip Flop (11, Black)","","","","","","","","","","","","","","","","","","","","","TRUE","","TRUE"
"B0711SPBZ4","Glass Bottles for Essential Oils - 12 Pack 10 ml Refillable Empty Amber Bottle with Orifice Reducer Dropper and Cap - DIY Supplies Tool & Accessories Perfume Aromatherapy - Carrier Oil Kit","","","","","","","","","","","","","","","","","","","","","TRUE","","TRUE"
"B071HR46ZJ","Nebulizer Diffuser for Essential Oil Aromatherapy by Two Scents: Waterless, Wireless, Heatless, Rechargeable, Nebulizing Technology. Compact & Portable for Home, Car, Work, Bath, Bedroom, Travel, Spa","","14.0","14.4","","","","","","","","","","","","","","7.0","7.0","6.0","","TRUE","","TRUE"
"B0756B6MJM","Bamboo and Glass Essential Oil Aroma Nebulizing Diffuser, Aromatherapy Diffuser with LED Night Light NO Heat NO Water for SPA Home Office Bedroom","","","","","","","","","","","","","","","","","","","","","TRUE","","TRUE"
"B076PJ1KHS","SLR Brands 175 gram Star Sport Glow In the Dark Flying Disc Frisbee for Night","","","","","","","","","","","","","","","","","","","","","TRUE","","TRUE"
"B076PNV184fba","SLR Brands Plus Size Cotton Stretchy Flowy Loose Fit Tunic Long Casual Beach Regular Dress with Pockets (XXL, Black Grey)","","","","","","","","","","","","","","","","","","","","","TRUE","","TRUE"
"B076PPC76Sfmb","SLR Brands Plus Size Cotton Stretchy Flowy Loose Fit Tunic Long Casual Beach Regular Dress with Pockets (XXL, Turqoise)","","","","","","","","","","","","","","","","","","","","","TRUE","","TRUE"
"B076PQDF7Pfbm","SLR Brands Plus Size Cotton Stretchy Flowy Loose Fit Tunic Long Casual Beach Regular Dress with Pockets (Large, Black Grey)","","","","","","","","","","","","","","","","","","","","","TRUE","","TRUE"
"B076PQKDDJfbm","SLR Brands Plus Size Cotton Stretchy Flowy Loose Fit Tunic Long Casual Beach Regular Dress with Pockets (XXL, Solid Purple)","","","","","","","","","","","","","","","","","","","","","TRUE","","TRUE"
"B076PQKTX1fbm","SLR Brands Plus Size Cotton Stretchy Flowy Loose Fit Tunic Long Casual Beach Regular Dress with Pockets (XL, Pink)","","","","","","","","","","","","","","","","","","","","","TRUE","","TRUE"
"B076PQV4FSfbm","SLR Brands Plus Size Cotton Stretchy Flowy Loose Fit Tunic Long Casual Beach Regular Dress with Pockets (Medium, Black Grey)","","","","","","","","","","","","","","","","","","","","","TRUE","","TRUE"
"B076PQW9L9fmn","SLR Brands Plus Size Cotton Stretchy Flowy Loose Fit Tunic Long Casual Beach Regular Dress with Pockets (Medium, Turqoise)","","","","","","","","","","","","","","","","","","","","","TRUE","","TRUE"
"B076PRB5ZR","SLR Brands Plus Size Cotton Stretchy Flowy Loose Fit Tunic Long Casual Beach Regular Dress with Pockets (XXL, White Navy)","","","","","","","","","","","","","","","","","","","","","TRUE","","TRUE"
"B076PRJMR4fbm","SLR Brands Plus Size Cotton Stretchy Flowy Loose Fit Tunic Long Casual Beach Regular Dress with Pockets (Large, Pink)","","","","","","","","","","","","","","","","","","","","","TRUE","","TRUE"
"B076PRWY1Pfbm","SLR Brands Plus Size Cotton Stretchy Flowy Loose Fit Tunic Long Casual Beach Regular Dress with Pockets (XL, Solid Purple)","","","","","","","","","","","","","","","","","","","","","TRUE","","TRUE"
"B076PRYSNHfbm","SLR Brands Plus Size Cotton Stretchy Flowy Loose Fit Tunic Long Casual Beach Regular Dress with Pockets (XL, Turqoise)","","","","","","","","","","","","","","","","","","","","","TRUE","","TRUE"
"B076PRZLD5fbm","SLR Brands Plus Size Cotton Stretchy Flowy Loose Fit Tunic Long Casual Beach Regular Dress with Pockets (Medium, Pink)","","","","","","","","","","","","","","","","","","","","","TRUE","","TRUE"
"B076PS1XMZfbm","SLR Brands Plus Size Cotton Stretchy Flowy Loose Fit Tunic Long Casual Beach Regular Dress With Pockets (Large, Turqoise)","","","","","","","","","","","","","","","","","","","","","TRUE","","TRUE"
"B076PS7LV6fbm","SLR Brands Plus Size Cotton Stretchy Flowy Loose Fit Tunic Long Casual Beach Regular Dress with Pockets (Large, White Navy)","","","","","","","","","","","","","","","","","","","","","TRUE","","TRUE"
"B076PSM86Yfmb","SLR Brands Plus Size Cotton Stretchy Flowy Loose Fit Tunic Long Casual Beach Regular Dress with Pockets (XL, Solid Black)","","","","","","","","","","","","","","","","","","","","","TRUE","","TRUE"
"B076PSP63Cfbm","SLR Brands Plus Size Cotton Stretchy Flowy Loose Fit Tunic Long Casual Beach Regular Dress with Pockets (Medium, Solid Black)","","","","","","","","","","","","","","","","","","","","","TRUE","","TRUE"
"B076PSS8RBfbm","SLR Brands Plus Size Cotton Stretchy Flowy Loose Fit Tunic Long Casual Beach Regular Dress with Pockets (Medium, Solid White)","","","","","","","","","","","","","","","","","","","","","TRUE","","TRUE"
"B076PSXH37fbm","SLR Brands Plus Size Cotton Stretchy Flowy Loose Fit Tunic Long Casual Beach Regular Dress with Pockets (XL, Black Grey)","","","","","","","","","","","","","","","","","","","","","TRUE","","TRUE"
"B076PTQFF3fmb","SLR Brands Plus Size Cotton Stretchy Flowy Loose Fit Tunic Long Casual Beach Regular Dress with Pockets (Medium, White Navy)","","","","","","","","","","","","","","","","","","","","","TRUE","","TRUE"
"B076PV8GQ1","SLR Brands Plus Size Cotton Stretchy Flowy Loose Fit Tunic Long Casual Beach Regular Dress with Pockets (XL, White Navy)","","","","","","","","","","","","","","","","","","","","","TRUE","","TRUE"
"B076PWHCHPfbm","SLR Brands Plus Size Cotton Stretchy Flowy Loose Fit Tunic Long Casual Beach Regular Dress with Pockets (XXL, Pink)","","","","","","","","","","","","","","","","","","","","","TRUE","","TRUE"
"B076TFPFTR","SLR Brands Plus Size Cotton Stretchy Flowy Loose Fit Tunic Long Casual Beach Regular Dress with Pockets (XXL, Purple)","","","","","","","","","","","","","","","","","","","","","TRUE","","TRUE"
"B076THWZG1fba","SLR Brands Plus Size Cotton Stretchy Flowy Loose Fit Tunic Long Casual Beach Regular Dress with Pockets (XXL, Navy Tuqoise)","","","","","","","","","","","","","","","","","","","","","TRUE","","TRUE"
"B076V2P2GVfba","SLR Brands Plus Size Cotton Stretchy Flowy Loose Fit Tunic Long Casual Beach Regular Dress with Pockets (XL, Navy Tuqoise)","","","","","","","","","","","","","","","","","","","","","TRUE","","TRUE"
"B07G54S6VC","Samsung Chromebook 3 XE501C13-K01US, Intel Dual-Core Celeron N3060, 11.6"" HD, 2GB DDR3, 16GB eMMC, Night Charcoal","","","","","","","","","","","","","","","","","","","","","TRUE","","TRUE"
"B07HJFN19K","Glass 10 mL Empty Bottles for Essential Oil Aromatherapy Guaranteed Perfect Fit for Two Scents Nebulizer Diffuser - Washers and Nozzles Included - 25 Pack Cobalt Blue","","","","","","","","","","","","","","","","","","","","","TRUE","","TRUE"
"B07HJFNSCD","Glass 10 mL Empty Bottles for Essential Oil Aromatherapy Guaranteed Perfect Fit for Two Scents Nebulizer Diffuser - Washers and Nozzles Included - 12 Pack Cobalt Blue","","","","","","","","","","","","","","","","","","","","","TRUE","","TRUE"
"B07JGD46QF","Two Scents Ylang Ylang Essential Oil - 100% Pure & Natural Premium Therapeutic Grade Oil - Use for Nebulizer, Ultrasonic Diffuser, Skin, Perfume, Lip Balm, Fragrance, Moisturizer, Relaxation","","","","","","","","","","","","","","","","","","","","","TRUE","","TRUE"
"B07JHLJJZT","Two Scents Lavandin Essential Oil - 100% Pure & Natural Premium Therapeutic Grade Oil - Use for Nebulizer, Ultrasonic Diffuser, Skin, Perfume, Lip Balm, Fragrance, Moisturizer, Relaxation (10 ml)","","","","","","","","","","","","","","","","","","","","","TRUE","","TRUE"
"B07JLT1425","Two Scents Glass Bottles for Essential Oils - 10 mL Refillable Empty Bottle with Orifice Reducer Dropper and Cap - DIY Tool & Accessories for Aromatherapy - Carrier Oil Kit - 12 Pack Cobalt Blue","","","","","","","","","","","","","","","","","","","","","TRUE","","TRUE"
"B07JLT9PNJ","Glass 10 mL Empty Bottles for Essential Oil Aromatherapy Guaranteed Perfect Fit for Two Scents Nebulizer Diffuser - Washers and Nozzles Included - 12 Pack Amber Brown","","","","","","","","","","","","","","","","","","","","","TRUE","","TRUE"
"B07JM4SKDL","Two Scents Glass Bottles for Essential Oils - 10 mL Refillable Empty Bottle with Orifice Reducer Dropper and Cap - DIY Tool & Accessories for Aromatherapy - Carrier Oil Kit - 25 Pack Cobalt Blue","","","","","","","","","","","","","","","","","","","","","TRUE","","TRUE"
"B07JM4VF3D","Two Scents Glass Bottles for Essential Oils - 10 mL Refillable Empty Bottle with Orifice Reducer Dropper and Cap - DIY Tool & Accessories for Aromatherapy - Carrier Oil Kit - 12 Pack Amber Brown","","","","","","","","","","","","","","","","","","","","","TRUE","","TRUE"
"B07JM5397V","Glass 10 mL Empty Bottles for Essential Oil Aromatherapy Guaranteed Perfect Fit for Two Scents Nebulizer Diffuser - Washers and Nozzles Included - 4 Pack Amber Brown","","","","","","","","","","","","","","","","","","","","","TRUE","","TRUE"
"B07JMHV3VB","Two Scents Glass Bottles for Essential Oils - 10 mL Refillable Empty Bottle with Orifice Reducer Dropper and Cap - DIY Tool & Accessories for Aromatherapy - Carrier Oil Kit - 12 Pack Emerald Green","","","","","","","","","","","","","","","","","","","","","TRUE","","TRUE"
"B07JMHVHGF","Two Scents Glass Bottles for Essential Oils - 10 mL Refillable Empty Bottle with Orifice Reducer Dropper and Cap - DIY Tool & Accessories for Aromatherapy - Carrier Oil Kit - 25 Pack Amber Brown","","","","","","","","","","","","","","","","","","","","","TRUE","","TRUE"
"B07JMHWPFP","Glass 10 mL Empty Bottles for Essential Oil Aromatherapy Guaranteed Perfect Fit for Two Scents Nebulizer Diffuser - Washers and Nozzles Included - 25 Pack Emerald Green","","","","","","","","","","","","","","","","","","","","","TRUE","","TRUE"
"B07JMKC49P","Glass 10 mL Empty Bottles for Essential Oil Aromatherapy Guaranteed Perfect Fit for Two Scents Nebulizer Diffuser - Washers and Nozzles Included - 12 Pack Emerald Green","","","","","","","","","","","","","","","","","","","","","TRUE","","TRUE"
"B07JMLT8CH","Glass 10 mL Empty Bottles for Essential Oil Aromatherapy Guaranteed Perfect Fit for Two Scents Nebulizer Diffuser - Washers and Nozzles Included - 4 Pack Emerald Green","","","","","","","","","","","","","","","","","","","","","TRUE","","TRUE"
"B07JMM7V97","Two Scents Glass Bottles for Essential Oils - 10 mL Refillable Empty Bottle with Orifice Reducer Dropper and Cap - DIY Tool & Accessories for Aromatherapy - Carrier Oil Kit - 25 Pack Emerald Green","","","","","","","","","","","","","","","","","","","","","TRUE","","TRUE"
"B07KX7DYFW","Two Scents Atlas Cedarwood Essential Oil - 100% Pure & Natural Premium Therapeutic Grade Oil - Use for Nebulizer, Ultrasonic Diffuser, Skin, Perfume, Lip Balm, Fragrance, Moisturizer, Relax (60 mL)","","","","","","","","","","","","","","","","","","","","","TRUE","","TRUE"
"B07KX7YGLR","Two Scents Atlas Cedarwood Essential Oil - 100% Pure & Natural Premium Therapeutic Grade Oil - Use for Nebulizer, Ultrasonic Diffuser, Skin, Perfume, Lip Balm, Fragrance, Moisturizer, Relax (10 mL)","","","","","","","","","","","","","","","","","","","","","TRUE","","TRUE"
"B07KX8S7S2","Two Scents Eucalyptus Radiata Essential Oil - 100% Pure & Natural Premium Therapeutic Grade Oil - Use for Nebulizer, Ultrasonic Diffuser, Skin, Perfume, Lip Balm, Fragrance, Moisturizer (10 mL)","","","","","","","","","","","","","","","","","","","","","TRUE","","TRUE"
"B07L3RLXT9","Two Scents Dark Aged Patchouli Essential Oil - 100% Pure & Natural Premium Therapeutic Grade Oil - Use for Nebulizer, Ultrasonic Diffuser, Skin, Perfume, Lip Balm, Fragrance, Moisturizer (120 mL)","","","","","","","","","","","","","","","","","","","","","TRUE","","TRUE"
"B07L3Z5BHH","Two Scents Balsam Fir Essential Oil - 100% Pure & Natural Premium Therapeutic Grade Oil - Use for Nebulizer, Ultrasonic Diffuser, Skin, Perfume, Lip Balm, Fragrance, Moisturizer, Relaxation (60 mL)","","","","","","","","","","","","","","","","","","","","","TRUE","","TRUE"
"B07L3ZDTJ9","Two Scents Dark Aged Patchouli Essential Oil - 100% Pure & Natural Premium Therapeutic Grade Oil - Use for Nebulizer, Ultrasonic Diffuser, Skin, Perfume, Lip Balm, Fragrance, Moisturizer (10 mL)","","","","","","","","","","","","","","","","","","","","","TRUE","","TRUE"
"B07L3ZY95V","Two Scents Balsam Fir Essential Oil - 100% Pure & Natural Premium Therapeutic Grade Oil - Use for Nebulizer, Ultrasonic Diffuser, Skin, Perfume, Lip Balm, Fragrance, Moisturizer, Relaxation (10 mL)","","","","","","","","","","","","","","","","","","","","","TRUE","","TRUE"
"B07L41C3FN","Two Scents Dark Aged Patchouli Essential Oil - 100% Pure & Natural Premium Therapeutic Grade Oil - Use for Nebulizer, Ultrasonic Diffuser, Skin, Perfume, Lip Balm, Fragrance, Moisturizer (60 mL)","","","","","","","","","","","","","","","","","","","","","TRUE","","TRUE"
"B07L41XTJJ","Two Scents Sweet Marjoram Essential Oil - 100% Pure & Natural Premium Therapeutic Grade Oil - Use for Nebulizer, Ultrasonic Diffuser, Skin, Perfume, Lip Balm, Fragrance, Moisturizer (60 mL)","","","","","","","","","","","","","","","","","","","","","TRUE","","TRUE"
"B07L41Z65S","Two Scents Lavender Essential Oil - 100% Pure & Natural Premium Therapeutic Grade Oil - Use for Nebulizer, Ultrasonic Diffuser, Skin, Perfume, Lip Balm, Fragrance, Moisturizer, Relaxation (120 mL)","","","","","","","","","","","","","","","","","","","","","TRUE","","TRUE"
"B07L42TMFJ","Two Scents Dark Patchouli Essential Oil - 100% Pure & Natural Premium Therapeutic Grade Oil - Use for Nebulizer, Ultrasonic Diffuser, Skin, Perfume, Lip Balm, Fragrance, Moisturizer, Relax (10 mL)","","","","","","","","","","","","","","","","","","","","","TRUE","","TRUE"
"B07L435Q38","Two Scents Sweet Marjoram Essential Oil - 100% Pure & Natural Premium Therapeutic Grade Oil - Use for Nebulizer, Ultrasonic Diffuser, Skin, Perfume, Lip Balm, Fragrance, Moisturizer (10 mL)","","","","","","","","","","","","","","","","","","","","","TRUE","","TRUE"
"B07L43TTX3","Two Scents Pine Scotch Essential Oil - 100% Pure & Natural Premium Therapeutic Grade Oil - Use for Nebulizer, Ultrasonic Diffuser, Skin, Perfume, Lip Balm, Fragrance, Moisturizer, Relaxation (10 mL)","","","","","","","","","","","","","","","","","","","","","TRUE","","TRUE"
"B07L5ZBNHB","SLR Brands Men's Slide Athletic Adjustable Slip On Sandal Slipper Comfortable Shower Beach Pool Shoe Flip Flop (10 M, Black)","","","","","","","","","","","","","","","","","","","","","TRUE","","TRUE"
"B07L8MTXFG","Two Scents Raindrop Nebulizing Essential Oil Diffuser for Aromatherapy Wood Base and Glass Top and Touch Sensor Power Switch for Home, Kitchen, Work, Office, Wellness and Relaxation (Black Wood)","","","","","","","","","","","","","","","","","","","","","TRUE","","TRUE"
"B07MJCTJYZ","Two Scents Essential Oils Top 8 Aromatherapy Essential Oils 100% Pure Therapeutic Grade Essential Oils Set Lavender/Peppermint/Tea Tree/Orange/Eucalyptus/Lemongrass/Frankincense/Rosemary 10 mL Oil","","","","","","","","","","","","","","","","","","","","","TRUE","","TRUE"
"B07NH7VDB2","Two Scents Raindrop Nebulizing Diffuser - Waterless diffuser For Essential Oils and Aromatherapy | Wood Base, Glass Top And Touch | Fills Even Big Rooms In Minutes With Organic Aromas (Light Wood)","","","","","","","","","","","","","","","","","","","","","TRUE","","TRUE"
"B07NHG7JG4","Two Scents Raindrop Nebulizing Diffuser - Waterless diffuser For Essential Oils and Aromatherapy | Wood Base, Glass Top And Touch | Fills Even Big Rooms In Minutes With Organic Aromas (Black Wood)","","","","","","","","","","","","","","","","","","","","","TRUE","","TRUE"
"B07P7Q6W11","Waterless Essential Oil Aroma Diffuser, Natural Glass Oil Nebulizer for Home, Office, Spa Bamboo Base","","","","","","","","","","","","","","","","","","","","","TRUE","","TRUE"
"B07PFG2Q3Z","Two Scents Droplet Nebulizing Diffuser - Waterless diffuser For Essential Oils and Aromatherapy | Wood Base, Glass Top And Touch | Fills Even Big Rooms In Minutes With Organic Aromas (Light Wood)","","","","","","","","","","","","","","","","","","","","","TRUE","","TRUE"
"B07PFY8CJY","Fuze Beauty Tea Tree Shampoo And Conditioner - Natural Dandruff Shampoo And Conditioner for Dry Scalp, Itchy Scalp Treatment | Special Tea Tree Oil Fo","","","","","","","","","","","","","","","","","","","","","TRUE","","TRUE"
"B07PJ191H7","Two Scents Droplet Nebulizing Diffuser - Waterless diffuser For Essential Oils and Aromatherapy | Wood Base, Glass Top And Touch | Fills Even Big Rooms In Minutes With Organic Aromas","","","","","","","","","","","","","","","","","","","","","TRUE","","TRUE"
"B6-5Y6C-E7N7","SLR Brands Men's Slide Athletic Adjustable Slip On Sandal Slipper Comfortable Shower Beach Pool Shoe Flip Flop (8 M, Navy)","","","","","","","","","","","","","","","","","","","","","TRUE","","TRUE"
"BI-4S5R-WNPT","Plus Size Cotton Stretchy Flowy Loose Fit Tunic Casual Beach Dress with Pocket (One Size Fits Most, Orange)","","","","","","","","","","","","","","","","","","","","","TRUE","","TRUE"
"C0-66V3-ZNZS","SLR Brands Womens UV Sun Protection Long Sleeve Rashguard Swimwear Swimwear Rash Guard Athletic Tops (Small, Neon Pink)","","","","","","","","","","","","","","","","","","","","","TRUE","","TRUE"
"CS-4J08-RWKA","SLR BRANDS Rubber Comfortable Shower Beach Shoe Slip On Flip Flop Sandal (10, White)","","","","","","","","","","","","","","","","","","","","","TRUE","","TRUE"
"D1-BDF6-O2CX","SLR Brands Men's Slide Athletic Adjustable Slip On Sandal Slipper Comfortable Shower Beach Pool Shoe Flip Flop (8 M, Black)","","","","","","","","","","","","","","","","","","","","","TRUE","","TRUE"
"D7-AR57-OPHF","SLR Brands Men's Slide Athletic Adjustable Slip On Sandal Slipper Comfortable Shower Beach Pool Shoe Flip Flop (8 M, Grey)","","","","","","","","","","","","","","","","","","","","","TRUE","","TRUE"
"DM-FYW5-6U86","SLR Brands Womens UV Sun Protection Long Sleeve Rashguard Swimwear Swimwear Rash Guard Athletic Tops (Medium, Neon Pink)","","","","","","","","","","","","","","","","","","","","","TRUE","","TRUE"
"DN-MNMI-NJQN","Comfort Food Creations Burrito Wrap Novelty Blanket - Perfectly Round Tortilla Throw (5' Diameter)","","","","","","","","","","","","","","","","","","","","","TRUE","","TRUE"
"DU-7UQU-NPC0","Squishable / Comfort Food Avocado Plush - 15""","","","","","","","","","","","","","","","","","","","","","TRUE","","TRUE"
"ETY-BS-12","Essential Oil Amber Glass Bottles 10ml Empty LOT SET Refillable W Orifice & Cap[12 Pack]","","","","","","","","","","","","","","","","","","","","","TRUE","","TRUE"
"F6-KFH0-KFGN","Squishable / Mini Comfort Food Avocado Plush 7""","","","","","","","","","","","","","","","","","","","","","TRUE","","TRUE"
"fb","SLR Brands Men's Slide Athletic Adjustable Slip On Sandal Slipper Comfortable Shower Beach Pool Shoe Flip Flop (11 M, Navy)","","","","","","","","","","","","","","","","","","","","","TRUE","","TRUE"
"FBM- SLR2601-BLK-M","SLR Brands Women's Flip Flops Rubber Thong Flip Flop Sandal for Women (Medium (US 7-8), Black)","","","","","","","","","","","","","","","","","","","","","TRUE","","TRUE"
"FBM- SLR7422-BLK/RED-12","Men's Slides Slip On Sandal Slipper Comfortable Shower Beach Shoe Flip Flop (US 12, Black/Red)","","","","","","","","","","","","","","","","","","","","","TRUE","","TRUE"
"FBM-SLR2601-BLK-L","SLR Brands Women's Flip Flops Rubber Thong Flip Flop Sandal for Women (Large (US 9-10), Black)","","","","","","","","","","","","","","","","","","","","","TRUE","","TRUE"
"FBM-SLR2601-BLK-XL","SLR Brands Women's Flip Flops Rubber Thong Flip Flop Sandal for Women (X-Large (US 11), Black)","","","","","","","","","","","","","","","","","","","","","TRUE","","TRUE"
"FBM-SLR-MFW140-WHT-12","SLR BRANDS Rubber Comfortable Shower Beach Shoe Slip On Flip Flop Sandal (12, White)","","","","","","","","","","","","","","","","","","","","","TRUE","","TRUE"
"FL-PN0I-V517","SLR BRANDS Rubber Comfortable Shower Beach Shoe Slip On Flip Flop Sandal (11, Black)","","","","","","","","","","","","","","","","","","","","","TRUE","","TRUE"
"FN-39VW-ZJNR","SLR Brands Men's Slide Athletic Adjustable Slip On Sandal Slipper Comfortable Shower Beach Pool Shoe Flip Flop (13 M, Black)","","","","","","","","","","","","","","","","","","","","","TRUE","","TRUE"
"GT-2WLJ-HBN8","SLR Brands Womans Colorblock Pocket Casual Tie Waist Yoga Jogger Pants (Large/XL, Turqoise/Black)","","","","","","","","","","","","","","","","","","","","","TRUE","","TRUE"
"GY-Q0ES-TELC","SLR Brands Women's Quick Drying Aqua Water Shoes With Zipper (7, Black/Pink)","","","","","","","","","","","","","","","","","","","","","TRUE","","TRUE"
"HT-H18E-1T6F","SLR Brands Womens UV Sun Protection Long Sleeve Rashguard Swimwear Swimwear Rash Guard Athletic Tops (Medium, Fushia)","","","","","","","","","","","","","","","","","","","","","TRUE","","TRUE"
"HV-QX5X-PMLM","SLR Brands Mens adjustable sandals - Shower Flip Flops For Men | Nonslip Men's Slide On Sandals for Shower, Beach, Pool, Summer, Gym Slides | Arch Suport for Athletes | Multiple sizes and colors (1...","","","","","","","","","","","","","","","","","","","","","TRUE","","TRUE"
"IR-7HGI-RCV8","Droplet Nebulizing Diffuser For  Essential Oils and Organic Aromas Aromatherapy[Light Wood]","","","","","","","","","","","","","","","","","","","","","TRUE","","TRUE"
"IX-OAUR-3S6X","SLR Brands Womens UV Sun Protection Long Sleeve Rashguard Swimwear Rash Guard Athletic Tops","","","","","","","","","","","","","","","","","","","","","TRUE","","TRUE"
"J3-QRG9-J032","SLR Brands Men's Slide Athletic Adjustable Slip On Sandal Slipper Comfortable Shower Beach Pool Shoe Flip Flop (9 M, Black)","","","","","","","","","","","","","","","","","","","","","TRUE","","TRUE"
"J4-D0C0-FZHK","SLR Brands Womens UV Sun Protection Long Sleeve Rashguard Swimwear Rash Guard Athletic Tops","","","","","","","","","","","","","","","","","","","","","TRUE","","TRUE"
"JY-UKK8-FROJ","SLR BRANDS Womans Colorblock Pocket Casual Tie Waist Yoga Jogger Pants (Small/Medium, Black/White Elephant)","","","","","","","","","","","","","","","","","","","","","TRUE","","TRUE"
"K3-1FQ6-LTJ0","SLR Brands Womans Colorblock Pocket Casual Tie Waist Yoga Jogger Pants (Large/XL, Blue/Black)","","","","","","","","","","","","","","","","","","","","","TRUE","","TRUE"
"KJ-L4KR-DI6W","SLR Brands Howler Football Nerf Whistle Foam Football (Colors May Vary)","","","","","","","","","","","","","","","","","","","","","TRUE","","TRUE"
"kjwhqwjkefl","kjsdbvh","","","","","","","","","","","","","","","","","","","","","TRUE","","TRUE"
"L4-AU9R-I4ZZ","SLR Brands Mens adjustable sandals - Shower Flip Flops For Men | Nonslip Men's Slide On Sandals for Shower, Beach, Pool, Summer, Gym Slides | Arch Suport for Athletes | Multiple sizes and colors (9...","","","","","","","","","","","","","","","","","","","","","TRUE","","TRUE"
"LL-NGCK-H1AY","SLR Brands Womens UV Sun Protection Long Sleeve Rashguard Swimwear Swimwear Rash Guard Athletic Tops (Medium, Royal)","","","","","","","","","","","","","","","","","","","","","TRUE","","TRUE"
"M5-NGRL-FVD5","SLR Brands Mens adjustable sandals - Shower Flip Flops For Men | Nonslip Men's Slide On Sandals for Shower, Beach, Pool, Summer, Gym Slides | Arch Support for Athletes | Multiple sizes (10 M US, Grey)","","","","","","","","","","","","","","","","","","","","","TRUE","","TRUE"
"MH-7N8M-9I54","SLR Brands Men's Slide Athletic Adjustable Slip On Sandal Slipper Comfortable Shower Beach Pool Shoe Flip Flop (12 M, Black)","","8.0","8.0","","","","","","","","","","","","","","","","","","TRUE","","TRUE"
"MT-FA8I-HZCD","Apple Watch Series 4 (GPS only) Aluminum Case Compatible iPhone 5s Above (Space Gray Aluminum case Black Sport Band, 44mm)","","","","","","","","","","","","","","","","","","","","","TRUE","","TRUE"
"MZ-A1CU-C3VR","SLR Brands Womans Colorblock Pocket Casual Tie Waist Yoga Jogger Pants (Small/Medium, Black/White)","","","","","","","","","","","","","","","","","","","","","TRUE","","TRUE"
"N1-DP0R-CEFV","SLR BRANDS Mens Zipper Water Shoes (13, Royal Blue)","","","","","","","","","","","","","","","","","","","","","TRUE","","TRUE"
"NL-LYI8-PGWQ","SLR Brands Men's Slide Athletic Adjustable Slip On Sandal Slipper Comfortable Shower Beach Pool Shoe Flip Flop (11 M, Grey)","","","","","","","","","","","","","","","","","","","","","TRUE","","TRUE"
"NN-SOSL-K53B","SLR Brands Womens UV Sun Protection Long Sleeve Rashguard Swimwear Rash Guard Athletic Tops (Small, Red)","","","","","","","","","","","","","","","","","","","","","TRUE","","TRUE"
"PE-RACV-E8FT","SLR Brands Men's Slide Athletic Adjustable Slip On Sandal Slipper Comfortable Shower Beach Pool Shoe Flip Flop (13 M, Black)","","","","","","","","","","","","","","","","","","","","","TRUE","","TRUE"
"PF-BFIT-5WDQ","SLR Brands Men's Slide Athletic Adjustable Slip On Sandal Slipper Comfortable Shower Beach Pool Shoe Flip Flop (9 M, Navy)","","","","","","","","","","","","","","","","","","","","","TRUE","","TRUE"
"PF-YDWR-5LG9","SLR Brands Womens UV Sun Protection Long Sleeve Rashguard Swimwear Swimwear Rash Guard Athletic Tops (Medium, Seafoam)","","","","","","","","","","","","","","","","","","","","","TRUE","","TRUE"
"PU-0F55-0D8K","Tasty Linens Squishy Avocado Plush Pillow | Real Comfort Food for Kids Children Mom Dad and The Whole Family | Larger Size 15 inches of Cute Fun | Also Available in Other Sizes","","","","","","","","","","","","","","","","","","","","","TRUE","","TRUE"
"PY-T3LI-B3PY","SLR Brands Men's Slide Athletic Adjustable Slip On Sandal Slipper Comfortable Shower Beach Pool Shoe Flip Flop (10 M, Navy)","","","","","","","","","","","","","","","","","","","","","TRUE","","TRUE"
"PY-X7NL-L8PF","SLR Brands Mens adjustable sandals - Shower Flip Flops For Men | Nonslip Men's Slide On Sandals for Shower, Beach, Pool, Summer, Gym Slides | Arch Support for Athletes | Multiple sizes (12 M US, Grey)","","","","","","","","","","","","","","","","","","","","","TRUE","","TRUE"
"QF-THRA-D9Y0","SLR Brands Womens UV Sun Protection Long Sleeve Rashguard Swimwear Swimwear Rash Guard Athletic Tops (Medium, Red)","","","","","","","","","","","","","","","","","","","","","TRUE","","TRUE"
"QL-TZO2-IG5M","SLR Brands Men's Slide Athletic Adjustable Slip On Sandal Slipper Comfortable Shower Beach Pool Shoe Flip Flop (13 M, Grey)","","","","","","","","","","","","","","","","","","","","","TRUE","","TRUE"
"RG-OP4H-YCR1","SLR Brands Womens UV Sun Protection Long Sleeve Rashguard Swimwear Rash Guard Athletic Tops (XX-Large, Red)","","","","","","","","","","","","","","","","","","","","","TRUE","","TRUE"
"SP-79LM-EZWX","SLR Brands Mens adjustable sandals - Shower Flip Flops For Men | Nonslip Men's Slide On Sandals for Shower, Beach, Pool, Summer, Gym Slides | Arch Sup","","","","","","","","","","","","","","","","","","","","","TRUE","","TRUE"
"SV-8SE2-GM2U","SLR Brands Womans Colorblock Pocket Casual Tie Waist Yoga Jogger Pants (Large/XL, Black)","","","","","","","","","","","","","","","","","","","","","TRUE","","TRUE"
"SW-70M8-26AJ","SLR Brands Men's Slide Athletic Adjustable Slip On Sandal Slipper Comfortable Shower Beach Pool Shoe Flip Flop (10 M, Navy)","","","","","","","","","","","","","","","","","","","","","TRUE","","TRUE"
"SW-EJVK-OKRV","SLR Brands Womens UV Sun Protection Long Sleeve Rashguard Swimwear Swimwear Rash Guard Athletic Tops (Large, Neon Pink)","","","","","","","","","","","","","","","","","","","","","TRUE","","TRUE"
"T9-JX0W-3401","SLR Brands Mens adjustable sandals - Shower Flip Flops For Men | Nonslip Men's Slide On Sandals for Shower, Beach, Pool, Summer, Gym Slides | Arch Suport for Athletes | Multiple sizes and colors (1...","","","","","","","","","","","","","","","","","","","","","TRUE","","TRUE"
"TL-NVI9-FFAG","SLR Brands Womens UV Sun Protection Long Sleeve Rashguard Swimwear Rash Guard Athletic Tops (X-Large, Fushia)","","","","","","","","","","","","","","","","","","","","","TRUE","","TRUE"
"TQ-7OZ5-U2SL","SLR Brands Womens UV Sun Protection Long Sleeve Rashguard Swimwear Swimwear Rash Guard Athletic Tops (Large, Yellow)","","","","","","","","","","","","","","","","","","","","","TRUE","","TRUE"
"TU-GN7S-OMYL","SLR Brands Womens UV Sun Protection Long Sleeve Rashguard Swimwear Swimwear Rash Guard Athletic Tops (Large, Purple)","","","","","","","","","","","","","","","","","","","","","TRUE","","TRUE"
"TU-SB8I-MPLC","6 Pack Teeth Ball for Dog and Pets with Funny Human Smile Ball Squeaky Chew Toy","","","","","","","","","","","","","","","","","","","","","TRUE","","TRUE"
"TV-FC8A-93HT","SLR Brands Womens UV Sun Protection Long Sleeve Rashguard Swimwear Swimwear Rash Guard Athletic Tops (Medium, Neon Green)","","","","","","","","","","","","","","","","","","","","","TRUE","","TRUE"
"U5-371Z-FEFI","SLR Brands Womens UV Sun Protection Long Sleeve Rashguard Swimwear Swimwear Rash Guard Athletic Tops (Medium, Teal)","","","","","","","","","","","","","","","","","","","","","TRUE","","TRUE"
"U9-KQEC-BZEK","SLR Brands 175 gram Star Sport Glow In the Dark Flying Disc Frisbee","","","","","","","","","","","","","","","","","","","","","TRUE","","TRUE"
"UK-WAKJ-AFUW","SLR Brands Womens UV Sun Protection Long Sleeve Rashguard Swimwear Rash Guard Athletic Tops (Large, Fushia)","","","","","","","","","","","","","","","","","","","","","TRUE","","TRUE"
"UQ-GAIX-Z3C7","Play Visions Froggy Water Bouncer, Comes in Assorted Colors","","","","","","","","","","","","","","","","","","","","","TRUE","","TRUE"
"VG-E7HQ-0M3D","SLR Brands Men's Slide Athletic Adjustable Slip On Sandal Slipper Comfortable Shower Beach Pool Shoe Flip Flop (13 M, Grey)","","","","","","","","","","","","","","","","","","","","","TRUE","","TRUE"
"VJ-PKRQ-JNP8","SLR Brands Womans Colorblock Pocket Casual Tie Waist Yoga Jogger Pants (Small/Medium, Black)","","","","","","","","","","","","","","","","","","","","","TRUE","","TRUE"
"VX-18SJ-BCQK","Raindrop Nebulizing Diffuser For Essential Oils and Organic Aromas Aromatherapy[Light Wood]","","","","","","","","","","","","","","","","","","","","","TRUE","","TRUE"
"WA-WDLV-QOZB","Comfort Food Creations Burrito Wrap Novelty Blanket - Perfectly Round Tortilla Throw (5' Diameter)","","","","","","","","","","","","","","","","","","","","","TRUE","","TRUE"
"X1-U5YJ-8JR0","SLR Brands Women's Quick Drying Aqua Water Shoes with Zipper (8, Pink)","","","","","","","","","","","","","","","","","","","","","TRUE","","TRUE"
"X7-SEJ5-6HIV","SLR Brands Mens Adjustable Sandals - Shower Flip Flops for Men | Nonslip Men's Slide On Sandals for Shower, Beach, Pool, Summer, Gym Slides | Arch Support for Athletes | Multiple Sizes (9 M US, Grey)","","","","","","","","","","","","","","","","","","","","","TRUE","","TRUE"
"XV-RBU8-5R55","SLR Brands Womans Colorblock Pocket Casual Tie Waist Yoga Jogger Pants (Large/XL, Black/White)","","","","","","","","","","","","","","","","","","","","","TRUE","","TRUE"
"XZ-YNBL-89NN","SLR Brands Mens adjustable sandals - Shower Flip Flops For Men | Nonslip Men's Slide On Sandals for Shower, Beach, Pool, Summer, Gym Slides | Arch Support for Athletes | Multiple sizes (11 M US, Grey)","","","","","","","","","","","","","","","","","","","","","TRUE","","TRUE"
"Y5-TSEB-JLV4","SLR Brands Men's Slide Athletic Adjustable Slip On Sandal Slipper Comfortable Shower Beach Pool Shoe Flip Flop (11 M, Black)","","","","","","","","","","","","","","","","","","","","","TRUE","","TRUE"
"YR-LUZJ-RIVM","SLR Brands Men's Slide Athletic Adjustable Slip On Sandal Slipper Comfortable Shower Beach Pool Shoe Flip Flop (12 M, Navy)","","","","","","","","","","","","","","","","","","","","","TRUE","","TRUE"
"ZJ-39GB-BJRV","SLR Brands Men's Slide Athletic Adjustable Slip On Sandal Slipper Comfortable Shower Beach Pool Shoe Flip Flop (12 M, Black)","","","","","","","","","","","","","","","","","","","","","TRUE","","TRUE"
