"ErrorDescription";"Pricebook2Id";"Product2Id";"UnitPrice";"UseStandardPrice";"sku_as_id__c"
"Attempting to update (as part of an upsert) parent field Pricebook2Id with new value 01s3k000002UJ8oAAG, current value is 01s3k000002Tcq5AAC";"01s3k000002UJ8oAAG";"01t3k000005qQjMAAU";"11.19";"False";"0674060717"
"Attempting to update (as part of an upsert) parent field Pricebook2Id with new value 01s3k000002UJ8oAAG, current value is 01s3k000002Tcq5AAC";"01s3k000002UJ8oAAG";"01t3k000005qQjNAAU";"112.01";"False";"1118230612"
"Attempting to update (as part of an upsert) parent field Pricebook2Id with new value 01s3k000002UJ8oAAG, current value is 01s3k000002Tcq5AAC";"01s3k000002UJ8oAAG";"01t3k000005qQjOAAU";"14.99";"False";"13-PW7U-D87I"
"Attempting to update (as part of an upsert) parent field Pricebook2Id with new value 01s3k000002UJ8oAAG, current value is 01s3k000002Tcq5AAC";"01s3k000002UJ8oAAG";"01t3k000005qQjPAAU";"17.34";"False";"1405191473"
"Attempting to update (as part of an upsert) parent field Pricebook2Id with new value 01s3k000002UJ8oAAG, current value is 01s3k000002Tcq5AAC";"01s3k000002UJ8oAAG";"01t3k000005qQjQAAU";"9.99";"False";"1I-B2VS-LIHQ"
"Attempting to update (as part of an upsert) parent field Pricebook2Id with new value 01s3k000002UJ8oAAG, current value is 01s3k000002Tcq5AAC";"01s3k000002UJ8oAAG";"01t3k000005qQjRAAU";"10.99";"False";"2U-RZQ3-VB48"
"Attempting to update (as part of an upsert) parent field Pricebook2Id with new value 01s3k000002UJ8oAAG, current value is 01s3k000002Tcq5AAC";"01s3k000002UJ8oAAG";"01t3k000005qQjSAAU";"17.99";"False";"2W-685L-2ISN"
"Attempting to update (as part of an upsert) parent field Pricebook2Id with new value 01s3k000002UJ8oAAG, current value is 01s3k000002Tcq5AAC";"01s3k000002UJ8oAAG";"01t3k000005qQjTAAU";"12.99";"False";"4I-8E25-ES25"
"Attempting to update (as part of an upsert) parent field Pricebook2Id with new value 01s3k000002UJ8oAAG, current value is 01s3k000002Tcq5AAC";"01s3k000002UJ8oAAG";"01t3k000005qQjUAAU";"6.99";"False";"4P-CJWM-B7K2"
"Attempting to update (as part of an upsert) parent field Pricebook2Id with new value 01s3k000002UJ8oAAG, current value is 01s3k000002Tcq5AAC";"01s3k000002UJ8oAAG";"01t3k000005qQjVAAU";"12.99";"False";"4S-98D9-DHF0"
"Attempting to update (as part of an upsert) parent field Pricebook2Id with new value 01s3k000002UJ8oAAG, current value is 01s3k000002Tcq5AAC";"01s3k000002UJ8oAAG";"01t3k000005qQjWAAU";"14.99";"False";"50-O2II-OM36"
"Attempting to update (as part of an upsert) parent field Pricebook2Id with new value 01s3k000002UJ8oAAG, current value is 01s3k000002Tcq5AAC";"01s3k000002UJ8oAAG";"01t3k000005qQjXAAU";"7.99";"False";"57-4R3X-A2VX"
"Attempting to update (as part of an upsert) parent field Pricebook2Id with new value 01s3k000002UJ8oAAG, current value is 01s3k000002Tcq5AAC";"01s3k000002UJ8oAAG";"01t3k000005qQjYAAU";"14.99";"False";"62-F926-QNEI"
"Attempting to update (as part of an upsert) parent field Pricebook2Id with new value 01s3k000002UJ8oAAG, current value is 01s3k000002Tcq5AAC";"01s3k000002UJ8oAAG";"01t3k000005qQjZAAU";"29.99";"False";"64-1FRN-5FAZ"
"Attempting to update (as part of an upsert) parent field Pricebook2Id with new value 01s3k000002UJ8oAAG, current value is 01s3k000002Tcq5AAC";"01s3k000002UJ8oAAG";"01t3k000005qQjaAAE";"14.99";"False";"6D-LO15-SWG2"
"Attempting to update (as part of an upsert) parent field Pricebook2Id with new value 01s3k000002UJ8oAAG, current value is 01s3k000002Tcq5AAC";"01s3k000002UJ8oAAG";"01t3k000005qQjbAAE";"69.99";"False";"6Z-I22J-SHQS"
"Attempting to update (as part of an upsert) parent field Pricebook2Id with new value 01s3k000002UJ8oAAG, current value is 01s3k000002Tcq5AAC";"01s3k000002UJ8oAAG";"01t3k000005qQjcAAE";"70";"False";"717625570"
"Attempting to update (as part of an upsert) parent field Pricebook2Id with new value 01s3k000002UJ8oAAG, current value is 01s3k000002Tcq5AAC";"01s3k000002UJ8oAAG";"01t3k000005qQjdAAE";"40";"False";"717635182"
"Attempting to update (as part of an upsert) parent field Pricebook2Id with new value 01s3k000002UJ8oAAG, current value is 01s3k000002Tcq5AAC";"01s3k000002UJ8oAAG";"01t3k000005qQjeAAE";"70";"False";"731185291"
"Attempting to update (as part of an upsert) parent field Pricebook2Id with new value 01s3k000002UJ8oAAG, current value is 01s3k000002Tcq5AAC";"01s3k000002UJ8oAAG";"01t3k000005qQjfAAE";"30";"False";"731498733"
"Attempting to update (as part of an upsert) parent field Pricebook2Id with new value 01s3k000002UJ8oAAG, current value is 01s3k000002Tcq5AAC";"01s3k000002UJ8oAAG";"01t3k000005qQjgAAE";"10.99";"False";"7I-4Q6M-ICCS"
"Attempting to update (as part of an upsert) parent field Pricebook2Id with new value 01s3k000002UJ8oAAG, current value is 01s3k000002Tcq5AAC";"01s3k000002UJ8oAAG";"01t3k000005qQjhAAE";"9.99";"False";"7Z-GFD1-0JRG"
"Attempting to update (as part of an upsert) parent field Pricebook2Id with new value 01s3k000002UJ8oAAG, current value is 01s3k000002Tcq5AAC";"01s3k000002UJ8oAAG";"01t3k000005qQjiAAE";"12.99";"False";"852888008056"
"Attempting to update (as part of an upsert) parent field Pricebook2Id with new value 01s3k000002UJ8oAAG, current value is 01s3k000002Tcq5AAC";"01s3k000002UJ8oAAG";"01t3k000005qQjjAAE";"9.99";"False";"89-3OU5-C6HB"
"Attempting to update (as part of an upsert) parent field Pricebook2Id with new value 01s3k000002UJ8oAAG, current value is 01s3k000002Tcq5AAC";"01s3k000002UJ8oAAG";"01t3k000005qQjkAAE";"11.99";"False";"8A-L5P6-VKMU"
"Attempting to update (as part of an upsert) parent field Pricebook2Id with new value 01s3k000002UJ8oAAG, current value is 01s3k000002Tcq5AAC";"01s3k000002UJ8oAAG";"01t3k000005qQjlAAE";"12.99";"False";"8G-IPV9-JW0W"
"Attempting to update (as part of an upsert) parent field Pricebook2Id with new value 01s3k000002UJ8oAAG, current value is 01s3k000002Tcq5AAC";"01s3k000002UJ8oAAG";"01t3k000005qQjmAAE";"12.99";"False";"8I-W2IE-AVV5"
"Attempting to update (as part of an upsert) parent field Pricebook2Id with new value 01s3k000002UJ8oAAG, current value is 01s3k000002Tcq5AAC";"01s3k000002UJ8oAAG";"01t3k000005qQjnAAE";"14.99";"False";"92-BLYZ-Q9MA"
"Attempting to update (as part of an upsert) parent field Pricebook2Id with new value 01s3k000002UJ8oAAG, current value is 01s3k000002Tcq5AAC";"01s3k000002UJ8oAAG";"01t3k000005qQjoAAE";"14.99";"False";"A0-G9AN-6PSD"
"Attempting to update (as part of an upsert) parent field Pricebook2Id with new value 01s3k000002UJ8oAAG, current value is 01s3k000002Tcq5AAC";"01s3k000002UJ8oAAG";"01t3k000005qQjpAAE";"19.99";"False";"A1-D1OQ-4W14"
"Attempting to update (as part of an upsert) parent field Pricebook2Id with new value 01s3k000002UJ8oAAG, current value is 01s3k000002Tcq5AAC";"01s3k000002UJ8oAAG";"01t3k000005qQjqAAE";"9.99";"False";"A6-I05X-ZPAD"
"Attempting to update (as part of an upsert) parent field Pricebook2Id with new value 01s3k000002UJ8oAAG, current value is 01s3k000002Tcq5AAC";"01s3k000002UJ8oAAG";"01t3k000005qQjrAAE";"11.99";"False";"A9-IP6C-PKPQ"
"Attempting to update (as part of an upsert) parent field Pricebook2Id with new value 01s3k000002UJ8oAAG, current value is 01s3k000002Tcq5AAC";"01s3k000002UJ8oAAG";"01t3k000005qQjsAAE";"5.99";"False";"AP-1CS3-TJW5"
"Attempting to update (as part of an upsert) parent field Pricebook2Id with new value 01s3k000002UJ8oAAG, current value is 01s3k000002Tcq5AAC";"01s3k000002UJ8oAAG";"01t3k000005qQjtAAE";"85";"False";"B00MWQCNSW"
"Attempting to update (as part of an upsert) parent field Pricebook2Id with new value 01s3k000002UJ8oAAG, current value is 01s3k000002Tcq5AAC";"01s3k000002UJ8oAAG";"01t3k000005qQjuAAE";"90";"False";"B00RBP97D8"
"Attempting to update (as part of an upsert) parent field Pricebook2Id with new value 01s3k000002UJ8oAAG, current value is 01s3k000002Tcq5AAC";"01s3k000002UJ8oAAG";"01t3k000005qQjvAAE";"8.5";"False";"B06Y5JDGDHfbc"
"Attempting to update (as part of an upsert) parent field Pricebook2Id with new value 01s3k000002UJ8oAAG, current value is 01s3k000002Tcq5AAC";"01s3k000002UJ8oAAG";"01t3k000005qQjwAAE";"8.5";"False";"B06Y5JFT4Bfbc"
"Attempting to update (as part of an upsert) parent field Pricebook2Id with new value 01s3k000002UJ8oAAG, current value is 01s3k000002Tcq5AAC";"01s3k000002UJ8oAAG";"01t3k000005qQjxAAE";"8.5";"False";"B06Y5QVQ28"
"Attempting to update (as part of an upsert) parent field Pricebook2Id with new value 01s3k000002UJ8oAAG, current value is 01s3k000002Tcq5AAC";"01s3k000002UJ8oAAG";"01t3k000005qQjyAAE";"8.5";"False";"B06Y5RF1MCfbm"
"Attempting to update (as part of an upsert) parent field Pricebook2Id with new value 01s3k000002UJ8oAAG, current value is 01s3k000002Tcq5AAC";"01s3k000002UJ8oAAG";"01t3k000005qQjzAAE";"8.5";"False";"B06Y5S8M9Kfbm"
"Attempting to update (as part of an upsert) parent field Pricebook2Id with new value 01s3k000002UJ8oAAG, current value is 01s3k000002Tcq5AAC";"01s3k000002UJ8oAAG";"01t3k000005qQk0AAE";"8.5";"False";"B06Y5SHQQ3fba"
"Attempting to update (as part of an upsert) parent field Pricebook2Id with new value 01s3k000002UJ8oAAG, current value is 01s3k000002Tcq5AAC";"01s3k000002UJ8oAAG";"01t3k000005qQk1AAE";"8.99";"False";"B06Y5SQ1PFfba"
"Attempting to update (as part of an upsert) parent field Pricebook2Id with new value 01s3k000002UJ8oAAG, current value is 01s3k000002Tcq5AAC";"01s3k000002UJ8oAAG";"01t3k000005qQk2AAE";"10.14";"False";"B06Y5SQ1PGfbm"
"Attempting to update (as part of an upsert) parent field Pricebook2Id with new value 01s3k000002UJ8oAAG, current value is 01s3k000002Tcq5AAC";"01s3k000002UJ8oAAG";"01t3k000005qQk3AAE";"8.99";"False";"B06Y5THB4Ffbc"
"Attempting to update (as part of an upsert) parent field Pricebook2Id with new value 01s3k000002UJ8oAAG, current value is 01s3k000002Tcq5AAC";"01s3k000002UJ8oAAG";"01t3k000005qQk4AAE";"8.99";"False";"B06Y5THB4Ffbm"
"Attempting to update (as part of an upsert) parent field Pricebook2Id with new value 01s3k000002UJ8oAAG, current value is 01s3k000002Tcq5AAC";"01s3k000002UJ8oAAG";"01t3k000005qQk5AAE";"8.99";"False";"B06Y5TTZ6Pfbc"
"Attempting to update (as part of an upsert) parent field Pricebook2Id with new value 01s3k000002UJ8oAAG, current value is 01s3k000002Tcq5AAC";"01s3k000002UJ8oAAG";"01t3k000005qQk6AAE";"8.5";"False";"B06Y5V3TNXfbac"
"Attempting to update (as part of an upsert) parent field Pricebook2Id with new value 01s3k000002UJ8oAAG, current value is 01s3k000002Tcq5AAC";"01s3k000002UJ8oAAG";"01t3k000005qQk7AAE";"8.5";"False";"B06Y5V7LTHfbm"
"Attempting to update (as part of an upsert) parent field Pricebook2Id with new value 01s3k000002UJ8oAAG, current value is 01s3k000002Tcq5AAC";"01s3k000002UJ8oAAG";"01t3k000005qQk8AAE";"8.5";"False";"B06Y5VJ3VHfbac"
"Attempting to update (as part of an upsert) parent field Pricebook2Id with new value 01s3k000002UJ8oAAG, current value is 01s3k000002Tcq5AAC";"01s3k000002UJ8oAAG";"01t3k000005qQk9AAE";"8.5";"False";"B06Y5WT6QSfbc"
"Attempting to update (as part of an upsert) parent field Pricebook2Id with new value 01s3k000002UJ8oAAG, current value is 01s3k000002Tcq5AAC";"01s3k000002UJ8oAAG";"01t3k000005qQkAAAU";"8.5";"False";"B06Y5ZXRWCfba"
"Attempting to update (as part of an upsert) parent field Pricebook2Id with new value 01s3k000002UJ8oAAG, current value is 01s3k000002Tcq5AAC";"01s3k000002UJ8oAAG";"01t3k000005qQkBAAU";"7.5";"False";"B0711SPBZ4"
"Attempting to update (as part of an upsert) parent field Pricebook2Id with new value 01s3k000002UJ8oAAG, current value is 01s3k000002Tcq5AAC";"01s3k000002UJ8oAAG";"01t3k000005qQkCAAU";"75.27";"False";"B071HR46ZJ"
"Attempting to update (as part of an upsert) parent field Pricebook2Id with new value 01s3k000002UJ8oAAG, current value is 01s3k000002Tcq5AAC";"01s3k000002UJ8oAAG";"01t3k000005qQkDAAU";"47.99";"False";"B0756B6MJM"
"Attempting to update (as part of an upsert) parent field Pricebook2Id with new value 01s3k000002UJ8oAAG, current value is 01s3k000002Tcq5AAC";"01s3k000002UJ8oAAG";"01t3k000005qQkEAAU";"15.99";"False";"B076PJ1KHS"
"Attempting to update (as part of an upsert) parent field Pricebook2Id with new value 01s3k000002UJ8oAAG, current value is 01s3k000002Tcq5AAC";"01s3k000002UJ8oAAG";"01t3k000005qQkFAAU";"15.15";"False";"B076PNV184fba"
"Attempting to update (as part of an upsert) parent field Pricebook2Id with new value 01s3k000002UJ8oAAG, current value is 01s3k000002Tcq5AAC";"01s3k000002UJ8oAAG";"01t3k000005qQkGAAU";"15.99";"False";"B076PPC76Sfmb"
"Attempting to update (as part of an upsert) parent field Pricebook2Id with new value 01s3k000002UJ8oAAG, current value is 01s3k000002Tcq5AAC";"01s3k000002UJ8oAAG";"01t3k000005qQkHAAU";"15.15";"False";"B076PQDF7Pfbm"
"Attempting to update (as part of an upsert) parent field Pricebook2Id with new value 01s3k000002UJ8oAAG, current value is 01s3k000002Tcq5AAC";"01s3k000002UJ8oAAG";"01t3k000005qQkIAAU";"15.15";"False";"B076PQKDDJfbm"
"Attempting to update (as part of an upsert) parent field Pricebook2Id with new value 01s3k000002UJ8oAAG, current value is 01s3k000002Tcq5AAC";"01s3k000002UJ8oAAG";"01t3k000005qQkJAAU";"12.15";"False";"B076PQKTX1fbm"
"Attempting to update (as part of an upsert) parent field Pricebook2Id with new value 01s3k000002UJ8oAAG, current value is 01s3k000002Tcq5AAC";"01s3k000002UJ8oAAG";"01t3k000005qQkKAAU";"15.15";"False";"B076PQV4FSfbm"
"Attempting to update (as part of an upsert) parent field Pricebook2Id with new value 01s3k000002UJ8oAAG, current value is 01s3k000002Tcq5AAC";"01s3k000002UJ8oAAG";"01t3k000005qQkLAAU";"15.15";"False";"B076PQW9L9fmn"
"Attempting to update (as part of an upsert) parent field Pricebook2Id with new value 01s3k000002UJ8oAAG, current value is 01s3k000002Tcq5AAC";"01s3k000002UJ8oAAG";"01t3k000005qQkMAAU";"15.99";"False";"B076PRB5ZR"
"Attempting to update (as part of an upsert) parent field Pricebook2Id with new value 01s3k000002UJ8oAAG, current value is 01s3k000002Tcq5AAC";"01s3k000002UJ8oAAG";"01t3k000005qQkNAAU";"15.15";"False";"B076PRJMR4fbm"
"Attempting to update (as part of an upsert) parent field Pricebook2Id with new value 01s3k000002UJ8oAAG, current value is 01s3k000002Tcq5AAC";"01s3k000002UJ8oAAG";"01t3k000005qQkOAAU";"15.15";"False";"B076PRWY1Pfbm"
"Attempting to update (as part of an upsert) parent field Pricebook2Id with new value 01s3k000002UJ8oAAG, current value is 01s3k000002Tcq5AAC";"01s3k000002UJ8oAAG";"01t3k000005qQkPAAU";"15.15";"False";"B076PRYSNHfbm"
"Attempting to update (as part of an upsert) parent field Pricebook2Id with new value 01s3k000002UJ8oAAG, current value is 01s3k000002Tcq5AAC";"01s3k000002UJ8oAAG";"01t3k000005qQkQAAU";"19.99";"False";"B076PRZLD5fbm"
"Attempting to update (as part of an upsert) parent field Pricebook2Id with new value 01s3k000002UJ8oAAG, current value is 01s3k000002Tcq5AAC";"01s3k000002UJ8oAAG";"01t3k000005qQkRAAU";"15.15";"False";"B076PS1XMZfbm"
"Attempting to update (as part of an upsert) parent field Pricebook2Id with new value 01s3k000002UJ8oAAG, current value is 01s3k000002Tcq5AAC";"01s3k000002UJ8oAAG";"01t3k000005qQkSAAU";"15.15";"False";"B076PS7LV6fbm"
"Attempting to update (as part of an upsert) parent field Pricebook2Id with new value 01s3k000002UJ8oAAG, current value is 01s3k000002Tcq5AAC";"01s3k000002UJ8oAAG";"01t3k000005qQkTAAU";"15.15";"False";"B076PSM86Yfmb"
"Attempting to update (as part of an upsert) parent field Pricebook2Id with new value 01s3k000002UJ8oAAG, current value is 01s3k000002Tcq5AAC";"01s3k000002UJ8oAAG";"01t3k000005qQkUAAU";"15.15";"False";"B076PSP63Cfbm"
"Attempting to update (as part of an upsert) parent field Pricebook2Id with new value 01s3k000002UJ8oAAG, current value is 01s3k000002Tcq5AAC";"01s3k000002UJ8oAAG";"01t3k000005qQkVAAU";"15.15";"False";"B076PSS8RBfbm"
"Attempting to update (as part of an upsert) parent field Pricebook2Id with new value 01s3k000002UJ8oAAG, current value is 01s3k000002Tcq5AAC";"01s3k000002UJ8oAAG";"01t3k000005qQkWAAU";"15.15";"False";"B076PSXH37fbm"
"Attempting to update (as part of an upsert) parent field Pricebook2Id with new value 01s3k000002UJ8oAAG, current value is 01s3k000002Tcq5AAC";"01s3k000002UJ8oAAG";"01t3k000005qQkXAAU";"15.15";"False";"B076PTQFF3fmb"
"Attempting to update (as part of an upsert) parent field Pricebook2Id with new value 01s3k000002UJ8oAAG, current value is 01s3k000002Tcq5AAC";"01s3k000002UJ8oAAG";"01t3k000005qQkYAAU";"15.15";"False";"B076PV8GQ1"
"Attempting to update (as part of an upsert) parent field Pricebook2Id with new value 01s3k000002UJ8oAAG, current value is 01s3k000002Tcq5AAC";"01s3k000002UJ8oAAG";"01t3k000005qQkZAAU";"15.15";"False";"B076PWHCHPfbm"
"Attempting to update (as part of an upsert) parent field Pricebook2Id with new value 01s3k000002UJ8oAAG, current value is 01s3k000002Tcq5AAC";"01s3k000002UJ8oAAG";"01t3k000005qQkaAAE";"15.15";"False";"B076TFPFTR"
"Attempting to update (as part of an upsert) parent field Pricebook2Id with new value 01s3k000002UJ8oAAG, current value is 01s3k000002Tcq5AAC";"01s3k000002UJ8oAAG";"01t3k000005qQkbAAE";"15.15";"False";"B076THWZG1fba"
"Attempting to update (as part of an upsert) parent field Pricebook2Id with new value 01s3k000002UJ8oAAG, current value is 01s3k000002Tcq5AAC";"01s3k000002UJ8oAAG";"01t3k000005qQkcAAE";"15.15";"False";"B076V2P2GVfba"
"Attempting to update (as part of an upsert) parent field Pricebook2Id with new value 01s3k000002UJ8oAAG, current value is 01s3k000002Tcq5AAC";"01s3k000002UJ8oAAG";"01t3k000005qQkdAAE";"106.19";"False";"B07G54S6VC"
"Attempting to update (as part of an upsert) parent field Pricebook2Id with new value 01s3k000002UJ8oAAG, current value is 01s3k000002Tcq5AAC";"01s3k000002UJ8oAAG";"01t3k000005qQkeAAE";"55.95";"False";"B07HJFN19K"
"Attempting to update (as part of an upsert) parent field Pricebook2Id with new value 01s3k000002UJ8oAAG, current value is 01s3k000002Tcq5AAC";"01s3k000002UJ8oAAG";"01t3k000005qQkfAAE";"29.95";"False";"B07HJFNSCD"
"Attempting to update (as part of an upsert) parent field Pricebook2Id with new value 01s3k000002UJ8oAAG, current value is 01s3k000002Tcq5AAC";"01s3k000002UJ8oAAG";"01t3k000005qQkgAAE";"12.99";"False";"B07JGD46QF"
"Attempting to update (as part of an upsert) parent field Pricebook2Id with new value 01s3k000002UJ8oAAG, current value is 01s3k000002Tcq5AAC";"01s3k000002UJ8oAAG";"01t3k000005qQkhAAE";"14.95";"False";"B07JHLJJZT"
"Attempting to update (as part of an upsert) parent field Pricebook2Id with new value 01s3k000002UJ8oAAG, current value is 01s3k000002Tcq5AAC";"01s3k000002UJ8oAAG";"01t3k000005qQkiAAE";"9.95";"False";"B07JLT1425"
"Attempting to update (as part of an upsert) parent field Pricebook2Id with new value 01s3k000002UJ8oAAG, current value is 01s3k000002Tcq5AAC";"01s3k000002UJ8oAAG";"01t3k000005qQkjAAE";"29.95";"False";"B07JLT9PNJ"
"Attempting to update (as part of an upsert) parent field Pricebook2Id with new value 01s3k000002UJ8oAAG, current value is 01s3k000002Tcq5AAC";"01s3k000002UJ8oAAG";"01t3k000005qQkkAAE";"18.95";"False";"B07JM4SKDL"
"Attempting to update (as part of an upsert) parent field Pricebook2Id with new value 01s3k000002UJ8oAAG, current value is 01s3k000002Tcq5AAC";"01s3k000002UJ8oAAG";"01t3k000005qQklAAE";"9.95";"False";"B07JM4VF3D"
"Attempting to update (as part of an upsert) parent field Pricebook2Id with new value 01s3k000002UJ8oAAG, current value is 01s3k000002Tcq5AAC";"01s3k000002UJ8oAAG";"01t3k000005qQkmAAE";"16.95";"False";"B07JM5397V"
"Attempting to update (as part of an upsert) parent field Pricebook2Id with new value 01s3k000002UJ8oAAG, current value is 01s3k000002Tcq5AAC";"01s3k000002UJ8oAAG";"01t3k000005qQknAAE";"11.95";"False";"B07JMHV3VB"
"Attempting to update (as part of an upsert) parent field Pricebook2Id with new value 01s3k000002UJ8oAAG, current value is 01s3k000002Tcq5AAC";"01s3k000002UJ8oAAG";"01t3k000005qQkoAAE";"18.95";"False";"B07JMHVHGF"
"Attempting to update (as part of an upsert) parent field Pricebook2Id with new value 01s3k000002UJ8oAAG, current value is 01s3k000002Tcq5AAC";"01s3k000002UJ8oAAG";"01t3k000005qQkpAAE";"55.95";"False";"B07JMHWPFP"
"Attempting to update (as part of an upsert) parent field Pricebook2Id with new value 01s3k000002UJ8oAAG, current value is 01s3k000002Tcq5AAC";"01s3k000002UJ8oAAG";"01t3k000005qQkqAAE";"29.95";"False";"B07JMKC49P"
"Attempting to update (as part of an upsert) parent field Pricebook2Id with new value 01s3k000002UJ8oAAG, current value is 01s3k000002Tcq5AAC";"01s3k000002UJ8oAAG";"01t3k000005qQkrAAE";"16.95";"False";"B07JMLT8CH"
"Attempting to update (as part of an upsert) parent field Pricebook2Id with new value 01s3k000002UJ8oAAG, current value is 01s3k000002Tcq5AAC";"01s3k000002UJ8oAAG";"01t3k000005qQksAAE";"20.95";"False";"B07JMM7V97"
"Attempting to update (as part of an upsert) parent field Pricebook2Id with new value 01s3k000002UJ8oAAG, current value is 01s3k000002Tcq5AAC";"01s3k000002UJ8oAAG";"01t3k000005qQktAAE";"39.95";"False";"B07KX7DYFW"
"Attempting to update (as part of an upsert) parent field Pricebook2Id with new value 01s3k000002UJ8oAAG, current value is 01s3k000002Tcq5AAC";"01s3k000002UJ8oAAG";"01t3k000005qQkuAAE";"13.95";"False";"B07KX7YGLR"
"Attempting to update (as part of an upsert) parent field Pricebook2Id with new value 01s3k000002UJ8oAAG, current value is 01s3k000002Tcq5AAC";"01s3k000002UJ8oAAG";"01t3k000005qQkvAAE";"12.95";"False";"B07KX8S7S2"
"Attempting to update (as part of an upsert) parent field Pricebook2Id with new value 01s3k000002UJ8oAAG, current value is 01s3k000002Tcq5AAC";"01s3k000002UJ8oAAG";"01t3k000005qQkwAAE";"67.95";"False";"B07L3RLXT9"
"Attempting to update (as part of an upsert) parent field Pricebook2Id with new value 01s3k000002UJ8oAAG, current value is 01s3k000002Tcq5AAC";"01s3k000002UJ8oAAG";"01t3k000005qQkxAAE";"35.95";"False";"B07L3Z5BHH"
"Attempting to update (as part of an upsert) parent field Pricebook2Id with new value 01s3k000002UJ8oAAG, current value is 01s3k000002Tcq5AAC";"01s3k000002UJ8oAAG";"01t3k000005qQkyAAE";"17.95";"False";"B07L3ZDTJ9"
"Attempting to update (as part of an upsert) parent field Pricebook2Id with new value 01s3k000002UJ8oAAG, current value is 01s3k000002Tcq5AAC";"01s3k000002UJ8oAAG";"01t3k000005qQkzAAE";"11.95";"False";"B07L3ZY95V"
"Attempting to update (as part of an upsert) parent field Pricebook2Id with new value 01s3k000002UJ8oAAG, current value is 01s3k000002Tcq5AAC";"01s3k000002UJ8oAAG";"01t3k000005qQl0AAE";"35.95";"False";"B07L41C3FN"
"Attempting to update (as part of an upsert) parent field Pricebook2Id with new value 01s3k000002UJ8oAAG, current value is 01s3k000002Tcq5AAC";"01s3k000002UJ8oAAG";"01t3k000005qQl1AAE";"42.95";"False";"B07L41XTJJ"
"Attempting to update (as part of an upsert) parent field Pricebook2Id with new value 01s3k000002UJ8oAAG, current value is 01s3k000002Tcq5AAC";"01s3k000002UJ8oAAG";"01t3k000005qQl2AAE";"59.95";"False";"B07L41Z65S"
"Attempting to update (as part of an upsert) parent field Pricebook2Id with new value 01s3k000002UJ8oAAG, current value is 01s3k000002Tcq5AAC";"01s3k000002UJ8oAAG";"01t3k000005qQl3AAE";"10.95";"False";"B07L42TMFJ"
"Attempting to update (as part of an upsert) parent field Pricebook2Id with new value 01s3k000002UJ8oAAG, current value is 01s3k000002Tcq5AAC";"01s3k000002UJ8oAAG";"01t3k000005qQl4AAE";"13.95";"False";"B07L435Q38"
"Attempting to update (as part of an upsert) parent field Pricebook2Id with new value 01s3k000002UJ8oAAG, current value is 01s3k000002Tcq5AAC";"01s3k000002UJ8oAAG";"01t3k000005qQl5AAE";"11.95";"False";"B07L43TTX3"
"Attempting to update (as part of an upsert) parent field Pricebook2Id with new value 01s3k000002UJ8oAAG, current value is 01s3k000002Tcq5AAC";"01s3k000002UJ8oAAG";"01t3k000005qQl6AAE";"11.99";"False";"B07L5ZBNHB"
"Attempting to update (as part of an upsert) parent field Pricebook2Id with new value 01s3k000002UJ8oAAG, current value is 01s3k000002Tcq5AAC";"01s3k000002UJ8oAAG";"01t3k000005qQl7AAE";"59.95";"False";"B07L8MTXFG"
"Attempting to update (as part of an upsert) parent field Pricebook2Id with new value 01s3k000002UJ8oAAG, current value is 01s3k000002Tcq5AAC";"01s3k000002UJ8oAAG";"01t3k000005qQl8AAE";"14.99";"False";"B07MJCTJYZ"
"Attempting to update (as part of an upsert) parent field Pricebook2Id with new value 01s3k000002UJ8oAAG, current value is 01s3k000002Tcq5AAC";"01s3k000002UJ8oAAG";"01t3k000005qQl9AAE";"55.99";"False";"B07NH7VDB2"
"Attempting to update (as part of an upsert) parent field Pricebook2Id with new value 01s3k000002UJ8oAAG, current value is 01s3k000002Tcq5AAC";"01s3k000002UJ8oAAG";"01t3k000005qQlAAAU";"49.95";"False";"B07NHG7JG4"
"Attempting to update (as part of an upsert) parent field Pricebook2Id with new value 01s3k000002UJ8oAAG, current value is 01s3k000002Tcq5AAC";"01s3k000002UJ8oAAG";"01t3k000005qQlBAAU";"54.99";"False";"B07P7Q6W11"
"Attempting to update (as part of an upsert) parent field Pricebook2Id with new value 01s3k000002UJ8oAAG, current value is 01s3k000002Tcq5AAC";"01s3k000002UJ8oAAG";"01t3k000005qQlCAAU";"49.95";"False";"B07PFG2Q3Z"
"Attempting to update (as part of an upsert) parent field Pricebook2Id with new value 01s3k000002UJ8oAAG, current value is 01s3k000002Tcq5AAC";"01s3k000002UJ8oAAG";"01t3k000005qQlDAAU";"20.95";"False";"B07PFY8CJY"
"Attempting to update (as part of an upsert) parent field Pricebook2Id with new value 01s3k000002UJ8oAAG, current value is 01s3k000002Tcq5AAC";"01s3k000002UJ8oAAG";"01t3k000005qQlEAAU";"49.95";"False";"B07PJ191H7"
"Attempting to update (as part of an upsert) parent field Pricebook2Id with new value 01s3k000002UJ8oAAG, current value is 01s3k000002Tcq5AAC";"01s3k000002UJ8oAAG";"01t3k000005qQlFAAU";"9.99";"False";"B6-5Y6C-E7N7"
"Attempting to update (as part of an upsert) parent field Pricebook2Id with new value 01s3k000002UJ8oAAG, current value is 01s3k000002Tcq5AAC";"01s3k000002UJ8oAAG";"01t3k000005qQlGAAU";"19.99";"False";"BI-4S5R-WNPT"
"Attempting to update (as part of an upsert) parent field Pricebook2Id with new value 01s3k000002UJ8oAAG, current value is 01s3k000002Tcq5AAC";"01s3k000002UJ8oAAG";"01t3k000005qQlHAAU";"14.99";"False";"C0-66V3-ZNZS"
"Attempting to update (as part of an upsert) parent field Pricebook2Id with new value 01s3k000002UJ8oAAG, current value is 01s3k000002Tcq5AAC";"01s3k000002UJ8oAAG";"01t3k000005qQlIAAU";"7.99";"False";"CS-4J08-RWKA"
"Attempting to update (as part of an upsert) parent field Pricebook2Id with new value 01s3k000002UJ8oAAG, current value is 01s3k000002Tcq5AAC";"01s3k000002UJ8oAAG";"01t3k000005qQlJAAU";"9.99";"False";"D1-BDF6-O2CX"
"Attempting to update (as part of an upsert) parent field Pricebook2Id with new value 01s3k000002UJ8oAAG, current value is 01s3k000002Tcq5AAC";"01s3k000002UJ8oAAG";"01t3k000005qQlKAAU";"10.99";"False";"D7-AR57-OPHF"
"Attempting to update (as part of an upsert) parent field Pricebook2Id with new value 01s3k000002UJ8oAAG, current value is 01s3k000002Tcq5AAC";"01s3k000002UJ8oAAG";"01t3k000005qQlLAAU";"14.99";"False";"DM-FYW5-6U86"
"Attempting to update (as part of an upsert) parent field Pricebook2Id with new value 01s3k000002UJ8oAAG, current value is 01s3k000002Tcq5AAC";"01s3k000002UJ8oAAG";"01t3k000005qQlMAAU";"19.99";"False";"DN-MNMI-NJQN"
"Attempting to update (as part of an upsert) parent field Pricebook2Id with new value 01s3k000002UJ8oAAG, current value is 01s3k000002Tcq5AAC";"01s3k000002UJ8oAAG";"01t3k000005qQlNAAU";"28.99";"False";"DU-7UQU-NPC0"
"Attempting to update (as part of an upsert) parent field Pricebook2Id with new value 01s3k000002UJ8oAAG, current value is 01s3k000002Tcq5AAC";"01s3k000002UJ8oAAG";"01t3k000005qQlOAAU";"10.99";"False";"ETY-BS-12"
"Attempting to update (as part of an upsert) parent field Pricebook2Id with new value 01s3k000002UJ8oAAG, current value is 01s3k000002Tcq5AAC";"01s3k000002UJ8oAAG";"01t3k000005qQlPAAU";"12.99";"False";"F6-KFH0-KFGN"
"Attempting to update (as part of an upsert) parent field Pricebook2Id with new value 01s3k000002UJ8oAAG, current value is 01s3k000002Tcq5AAC";"01s3k000002UJ8oAAG";"01t3k000005qQlQAAU";"7.99";"False";"fb"
"Attempting to update (as part of an upsert) parent field Pricebook2Id with new value 01s3k000002UJ8oAAG, current value is 01s3k000002Tcq5AAC";"01s3k000002UJ8oAAG";"01t3k000005qQlRAAU";"7.99";"False";"FBM- SLR2601-BLK-M"
"Attempting to update (as part of an upsert) parent field Pricebook2Id with new value 01s3k000002UJ8oAAG, current value is 01s3k000002Tcq5AAC";"01s3k000002UJ8oAAG";"01t3k000005qQlSAAU";"12.99";"False";"FBM- SLR7422-BLK/RED-12"
"Attempting to update (as part of an upsert) parent field Pricebook2Id with new value 01s3k000002UJ8oAAG, current value is 01s3k000002Tcq5AAC";"01s3k000002UJ8oAAG";"01t3k000005qQlTAAU";"7.99";"False";"FBM-SLR2601-BLK-L"
"Attempting to update (as part of an upsert) parent field Pricebook2Id with new value 01s3k000002UJ8oAAG, current value is 01s3k000002Tcq5AAC";"01s3k000002UJ8oAAG";"01t3k000005qQlUAAU";"7.99";"False";"FBM-SLR2601-BLK-XL"
"Attempting to update (as part of an upsert) parent field Pricebook2Id with new value 01s3k000002UJ8oAAG, current value is 01s3k000002Tcq5AAC";"01s3k000002UJ8oAAG";"01t3k000005qQlVAAU";"7.99";"False";"FBM-SLR-MFW140-WHT-12"
"Attempting to update (as part of an upsert) parent field Pricebook2Id with new value 01s3k000002UJ8oAAG, current value is 01s3k000002Tcq5AAC";"01s3k000002UJ8oAAG";"01t3k000005qQlWAAU";"7.99";"False";"FL-PN0I-V517"
"Attempting to update (as part of an upsert) parent field Pricebook2Id with new value 01s3k000002UJ8oAAG, current value is 01s3k000002Tcq5AAC";"01s3k000002UJ8oAAG";"01t3k000005qQlXAAU";"11.99";"False";"FN-39VW-ZJNR"
"Attempting to update (as part of an upsert) parent field Pricebook2Id with new value 01s3k000002UJ8oAAG, current value is 01s3k000002Tcq5AAC";"01s3k000002UJ8oAAG";"01t3k000005qQlYAAU";"17.99";"False";"GT-2WLJ-HBN8"
"Attempting to update (as part of an upsert) parent field Pricebook2Id with new value 01s3k000002UJ8oAAG, current value is 01s3k000002Tcq5AAC";"01s3k000002UJ8oAAG";"01t3k000005qQlZAAU";"9.99";"False";"GY-Q0ES-TELC"
"Attempting to update (as part of an upsert) parent field Pricebook2Id with new value 01s3k000002UJ8oAAG, current value is 01s3k000002Tcq5AAC";"01s3k000002UJ8oAAG";"01t3k000005qQlaAAE";"14.99";"False";"HT-H18E-1T6F"
"Attempting to update (as part of an upsert) parent field Pricebook2Id with new value 01s3k000002UJ8oAAG, current value is 01s3k000002Tcq5AAC";"01s3k000002UJ8oAAG";"01t3k000005qQlbAAE";"12.99";"False";"HV-QX5X-PMLM"
"Attempting to update (as part of an upsert) parent field Pricebook2Id with new value 01s3k000002UJ8oAAG, current value is 01s3k000002Tcq5AAC";"01s3k000002UJ8oAAG";"01t3k000005qQlcAAE";"59.95";"False";"IR-7HGI-RCV8"
"Attempting to update (as part of an upsert) parent field Pricebook2Id with new value 01s3k000002UJ8oAAG, current value is 01s3k000002Tcq5AAC";"01s3k000002UJ8oAAG";"01t3k000005qQldAAE";"14.99";"False";"IX-OAUR-3S6X"
"Attempting to update (as part of an upsert) parent field Pricebook2Id with new value 01s3k000002UJ8oAAG, current value is 01s3k000002Tcq5AAC";"01s3k000002UJ8oAAG";"01t3k000005qQleAAE";"12.99";"False";"J3-QRG9-J032"
"Attempting to update (as part of an upsert) parent field Pricebook2Id with new value 01s3k000002UJ8oAAG, current value is 01s3k000002Tcq5AAC";"01s3k000002UJ8oAAG";"01t3k000005qQlfAAE";"14.99";"False";"J4-D0C0-FZHK"
"Attempting to update (as part of an upsert) parent field Pricebook2Id with new value 01s3k000002UJ8oAAG, current value is 01s3k000002Tcq5AAC";"01s3k000002UJ8oAAG";"01t3k000005qQlgAAE";"12.99";"False";"JY-UKK8-FROJ"
"Attempting to update (as part of an upsert) parent field Pricebook2Id with new value 01s3k000002UJ8oAAG, current value is 01s3k000002Tcq5AAC";"01s3k000002UJ8oAAG";"01t3k000005qQlhAAE";"12.99";"False";"K3-1FQ6-LTJ0"
"Attempting to update (as part of an upsert) parent field Pricebook2Id with new value 01s3k000002UJ8oAAG, current value is 01s3k000002Tcq5AAC";"01s3k000002UJ8oAAG";"01t3k000005qQliAAE";"8.41";"False";"KJ-L4KR-DI6W"
"Attempting to update (as part of an upsert) parent field Pricebook2Id with new value 01s3k000002UJ8oAAG, current value is 01s3k000002Tcq5AAC";"01s3k000002UJ8oAAG";"01t3k000005qQljAAE";"0";"False";"kjwhqwjkefl"
"Attempting to update (as part of an upsert) parent field Pricebook2Id with new value 01s3k000002UJ8oAAG, current value is 01s3k000002Tcq5AAC";"01s3k000002UJ8oAAG";"01t3k000005qQlkAAE";"12.99";"False";"L4-AU9R-I4ZZ"
"Attempting to update (as part of an upsert) parent field Pricebook2Id with new value 01s3k000002UJ8oAAG, current value is 01s3k000002Tcq5AAC";"01s3k000002UJ8oAAG";"01t3k000005qQllAAE";"14.99";"False";"LL-NGCK-H1AY"
"Attempting to update (as part of an upsert) parent field Pricebook2Id with new value 01s3k000002UJ8oAAG, current value is 01s3k000002Tcq5AAC";"01s3k000002UJ8oAAG";"01t3k000005qQlmAAE";"12.99";"False";"M5-NGRL-FVD5"
"Attempting to update (as part of an upsert) parent field Pricebook2Id with new value 01s3k000002UJ8oAAG, current value is 01s3k000002Tcq5AAC";"01s3k000002UJ8oAAG";"01t3k000005qQlnAAE";"7.99";"False";"MH-7N8M-9I54"
"Attempting to update (as part of an upsert) parent field Pricebook2Id with new value 01s3k000002UJ8oAAG, current value is 01s3k000002Tcq5AAC";"01s3k000002UJ8oAAG";"01t3k000005qQloAAE";"509.99";"False";"MT-FA8I-HZCD"
"Attempting to update (as part of an upsert) parent field Pricebook2Id with new value 01s3k000002UJ8oAAG, current value is 01s3k000002Tcq5AAC";"01s3k000002UJ8oAAG";"01t3k000005qQlpAAE";"12.99";"False";"MZ-A1CU-C3VR"
"Attempting to update (as part of an upsert) parent field Pricebook2Id with new value 01s3k000002UJ8oAAG, current value is 01s3k000002Tcq5AAC";"01s3k000002UJ8oAAG";"01t3k000005qQlqAAE";"9.99";"False";"N1-DP0R-CEFV"
"Attempting to update (as part of an upsert) parent field Pricebook2Id with new value 01s3k000002UJ8oAAG, current value is 01s3k000002Tcq5AAC";"01s3k000002UJ8oAAG";"01t3k000005qQlrAAE";"11.99";"False";"NL-LYI8-PGWQ"
"Attempting to update (as part of an upsert) parent field Pricebook2Id with new value 01s3k000002UJ8oAAG, current value is 01s3k000002Tcq5AAC";"01s3k000002UJ8oAAG";"01t3k000005qQlsAAE";"14.99";"False";"NN-SOSL-K53B"
"Attempting to update (as part of an upsert) parent field Pricebook2Id with new value 01s3k000002UJ8oAAG, current value is 01s3k000002Tcq5AAC";"01s3k000002UJ8oAAG";"01t3k000005qQltAAE";"12.99";"False";"PE-RACV-E8FT"
"Attempting to update (as part of an upsert) parent field Pricebook2Id with new value 01s3k000002UJ8oAAG, current value is 01s3k000002Tcq5AAC";"01s3k000002UJ8oAAG";"01t3k000005qQluAAE";"9.99";"False";"PF-BFIT-5WDQ"
"Attempting to update (as part of an upsert) parent field Pricebook2Id with new value 01s3k000002UJ8oAAG, current value is 01s3k000002Tcq5AAC";"01s3k000002UJ8oAAG";"01t3k000005qQlvAAE";"14.99";"False";"PF-YDWR-5LG9"
"Attempting to update (as part of an upsert) parent field Pricebook2Id with new value 01s3k000002UJ8oAAG, current value is 01s3k000002Tcq5AAC";"01s3k000002UJ8oAAG";"01t3k000005qQlwAAE";"29.95";"False";"PU-0F55-0D8K"
"Attempting to update (as part of an upsert) parent field Pricebook2Id with new value 01s3k000002UJ8oAAG, current value is 01s3k000002Tcq5AAC";"01s3k000002UJ8oAAG";"01t3k000005qQlxAAE";"9.99";"False";"PY-T3LI-B3PY"
"Attempting to update (as part of an upsert) parent field Pricebook2Id with new value 01s3k000002UJ8oAAG, current value is 01s3k000002Tcq5AAC";"01s3k000002UJ8oAAG";"01t3k000005qQlyAAE";"12.99";"False";"PY-X7NL-L8PF"
"Attempting to update (as part of an upsert) parent field Pricebook2Id with new value 01s3k000002UJ8oAAG, current value is 01s3k000002Tcq5AAC";"01s3k000002UJ8oAAG";"01t3k000005qQlzAAE";"14.99";"False";"QF-THRA-D9Y0"
"Attempting to update (as part of an upsert) parent field Pricebook2Id with new value 01s3k000002UJ8oAAG, current value is 01s3k000002Tcq5AAC";"01s3k000002UJ8oAAG";"01t3k000005qQm0AAE";"6.99";"False";"QL-TZO2-IG5M"
"Attempting to update (as part of an upsert) parent field Pricebook2Id with new value 01s3k000002UJ8oAAG, current value is 01s3k000002Tcq5AAC";"01s3k000002UJ8oAAG";"01t3k000005qQm1AAE";"14.99";"False";"RG-OP4H-YCR1"
"Attempting to update (as part of an upsert) parent field Pricebook2Id with new value 01s3k000002UJ8oAAG, current value is 01s3k000002Tcq5AAC";"01s3k000002UJ8oAAG";"01t3k000005qQm2AAE";"12.99";"False";"SP-79LM-EZWX"
"Attempting to update (as part of an upsert) parent field Pricebook2Id with new value 01s3k000002UJ8oAAG, current value is 01s3k000002Tcq5AAC";"01s3k000002UJ8oAAG";"01t3k000005qQm3AAE";"12.99";"False";"SV-8SE2-GM2U"
"Attempting to update (as part of an upsert) parent field Pricebook2Id with new value 01s3k000002UJ8oAAG, current value is 01s3k000002Tcq5AAC";"01s3k000002UJ8oAAG";"01t3k000005qQm4AAE";"7.99";"False";"SW-70M8-26AJ"
"Attempting to update (as part of an upsert) parent field Pricebook2Id with new value 01s3k000002UJ8oAAG, current value is 01s3k000002Tcq5AAC";"01s3k000002UJ8oAAG";"01t3k000005qQm5AAE";"14.99";"False";"SW-EJVK-OKRV"
"Attempting to update (as part of an upsert) parent field Pricebook2Id with new value 01s3k000002UJ8oAAG, current value is 01s3k000002Tcq5AAC";"01s3k000002UJ8oAAG";"01t3k000005qQm6AAE";"12.99";"False";"T9-JX0W-3401"
"Attempting to update (as part of an upsert) parent field Pricebook2Id with new value 01s3k000002UJ8oAAG, current value is 01s3k000002Tcq5AAC";"01s3k000002UJ8oAAG";"01t3k000005qQm7AAE";"14.99";"False";"TL-NVI9-FFAG"
"Attempting to update (as part of an upsert) parent field Pricebook2Id with new value 01s3k000002UJ8oAAG, current value is 01s3k000002Tcq5AAC";"01s3k000002UJ8oAAG";"01t3k000005qQm8AAE";"14.99";"False";"TQ-7OZ5-U2SL"
"Attempting to update (as part of an upsert) parent field Pricebook2Id with new value 01s3k000002UJ8oAAG, current value is 01s3k000002Tcq5AAC";"01s3k000002UJ8oAAG";"01t3k000005qQm9AAE";"14.99";"False";"TU-GN7S-OMYL"
"Attempting to update (as part of an upsert) parent field Pricebook2Id with new value 01s3k000002UJ8oAAG, current value is 01s3k000002Tcq5AAC";"01s3k000002UJ8oAAG";"01t3k000005qQmAAAU";"12.99";"False";"TU-SB8I-MPLC"
"Attempting to update (as part of an upsert) parent field Pricebook2Id with new value 01s3k000002UJ8oAAG, current value is 01s3k000002Tcq5AAC";"01s3k000002UJ8oAAG";"01t3k000005qQmBAAU";"14.99";"False";"TV-FC8A-93HT"
"Attempting to update (as part of an upsert) parent field Pricebook2Id with new value 01s3k000002UJ8oAAG, current value is 01s3k000002Tcq5AAC";"01s3k000002UJ8oAAG";"01t3k000005qQmCAAU";"14.99";"False";"U5-371Z-FEFI"
"Attempting to update (as part of an upsert) parent field Pricebook2Id with new value 01s3k000002UJ8oAAG, current value is 01s3k000002Tcq5AAC";"01s3k000002UJ8oAAG";"01t3k000005qQmDAAU";"11.18";"False";"U9-KQEC-BZEK"
"Attempting to update (as part of an upsert) parent field Pricebook2Id with new value 01s3k000002UJ8oAAG, current value is 01s3k000002Tcq5AAC";"01s3k000002UJ8oAAG";"01t3k000005qQmEAAU";"14.99";"False";"UK-WAKJ-AFUW"
"Attempting to update (as part of an upsert) parent field Pricebook2Id with new value 01s3k000002UJ8oAAG, current value is 01s3k000002Tcq5AAC";"01s3k000002UJ8oAAG";"01t3k000005qQmFAAU";"3";"False";"UQ-GAIX-Z3C7"
"Attempting to update (as part of an upsert) parent field Pricebook2Id with new value 01s3k000002UJ8oAAG, current value is 01s3k000002Tcq5AAC";"01s3k000002UJ8oAAG";"01t3k000005qQmGAAU";"12.99";"False";"VG-E7HQ-0M3D"
"Attempting to update (as part of an upsert) parent field Pricebook2Id with new value 01s3k000002UJ8oAAG, current value is 01s3k000002Tcq5AAC";"01s3k000002UJ8oAAG";"01t3k000005qQmHAAU";"12.99";"False";"VJ-PKRQ-JNP8"
"Attempting to update (as part of an upsert) parent field Pricebook2Id with new value 01s3k000002UJ8oAAG, current value is 01s3k000002Tcq5AAC";"01s3k000002UJ8oAAG";"01t3k000005qQmIAAU";"69.99";"False";"VX-18SJ-BCQK"
"Attempting to update (as part of an upsert) parent field Pricebook2Id with new value 01s3k000002UJ8oAAG, current value is 01s3k000002Tcq5AAC";"01s3k000002UJ8oAAG";"01t3k000005qQmJAAU";"9.99";"False";"X1-U5YJ-8JR0"
"Attempting to update (as part of an upsert) parent field Pricebook2Id with new value 01s3k000002UJ8oAAG, current value is 01s3k000002Tcq5AAC";"01s3k000002UJ8oAAG";"01t3k000005qQmKAAU";"12.99";"False";"X7-SEJ5-6HIV"
"Attempting to update (as part of an upsert) parent field Pricebook2Id with new value 01s3k000002UJ8oAAG, current value is 01s3k000002Tcq5AAC";"01s3k000002UJ8oAAG";"01t3k000005qQmLAAU";"12.99";"False";"XV-RBU8-5R55"
"Attempting to update (as part of an upsert) parent field Pricebook2Id with new value 01s3k000002UJ8oAAG, current value is 01s3k000002Tcq5AAC";"01s3k000002UJ8oAAG";"01t3k000005qQmMAAU";"12.99";"False";"XZ-YNBL-89NN"
"Attempting to update (as part of an upsert) parent field Pricebook2Id with new value 01s3k000002UJ8oAAG, current value is 01s3k000002Tcq5AAC";"01s3k000002UJ8oAAG";"01t3k000005qQmNAAU";"7.99";"False";"Y5-TSEB-JLV4"
"Attempting to update (as part of an upsert) parent field Pricebook2Id with new value 01s3k000002UJ8oAAG, current value is 01s3k000002Tcq5AAC";"01s3k000002UJ8oAAG";"01t3k000005qQmOAAU";"9.99";"False";"YR-LUZJ-RIVM"
"Attempting to update (as part of an upsert) parent field Pricebook2Id with new value 01s3k000002UJ8oAAG, current value is 01s3k000002Tcq5AAC";"01s3k000002UJ8oAAG";"01t3k000005qQmPAAU";"12.99";"False";"ZJ-39GB-BJRV"